0	0	0	0	0	0
0	0	0	0	0	0
0	0	0	0	0	0
0	0	0	0	0	0
0	0	0	0	0	0
0	0	0	0	0	0
0	0	0	0	0	0
0	0	0	0	0	0
0	0	0	0	0	0
0	0	0	0	0	0
0	0	0	0	0	0
0	0	0	0	0	0
0	0	0	0	0	0
0	0	0	0	0	0
0	0	0	0	0	0
0	0	0	0	0	0
0	0	0	0	0	0
0	0	0	0	0	0
0	0	0	0	0	0
0	0	0	0	0	0
0	0	0	0	0	0
0	0	0	0	0	0
0	0	0	0	0	0
0	0	0	0	0	0
0	0	0	0	0	0
0	0	0	0	0	0
0	0	0	0	0	0
0	0	0	0	0	0
0	0	0	0	0	0
0	0	0	0	0	0
0	0	0	0	0	0
0	0	0	0	0	0
0	0	0	0	0	0
0	0	0	0	0	0
0	0	0	0	0	0
0	0	0	0	0	0
0	0	0	0	0	0
0	0	0	0	0	0
0	0	0	0	0	0
0	0	0	0	0	0
0	0	0	0	0	0
0	0	0	0	0	0
0	0	0	0	0	0
0	0	0	0	0	0
0	0	0	0	0	0
0	0	0	0	0	0
0	0	0	0	0	0
0	0	0	0	0	0
0	0	0	0	0	0
0	0	0	0	0	0
0	0	0	0	0	0
0	0	0	0	0	0
0	0	0	0	0	0
0	0	0	0	0	0
0	0	0	0	0	0
0	0	0	0	0	0
0	0	0	0	0	0
0	0	0	0	0	0
0	0	0	0	0	0
0	0	0	0	0	0
0	0	0	0	0	0
0	0	0	0	0	0
0	0	0	0	0	0
0	0	0	0	0	0
0	0	0	0	0	0
0	0	0	0	0	0
0	0	0	0	0	0
0	0	0	0	0	0
0	0	0	0	0	0
0	0	0	16	0	0
0	0	0	16	0	0
0	0	0	16	0	0
0	0	0	16	0	0
0	0	0	16	0	0
0	0	0	16	0	0
0	0	0	34	0	0
0	0	0	34	0	0
0	0	0	34	0	0
0	0	0	34	0	0
0	0	0	34	0	0
0	0	0	34	0	0
0	0	0	34	0	0
0	0	0	34	0	0
0	0	0	34	0	0
0	0	0	34	0	0
0	0	0	34	0	0
0	0	0	34	0	0
0	0	0	34	0	0
0	0	0	34	0	0
0	0	0	34	0	0
0	10	0	34	0	0
0	10	0	34	0	0
0	10	0	34	0	0
0	10	0	34	0	0
0	10	0	34	0	0
0	10	0	34	0	0
0	10	0	34	0	0
0	10	0	34	0	0
0	10	0	34	0	0
0	16	0	34	0	0
0	16	0	34	0	0
0	16	0	34	0	0
0	16	0	34	0	0
0	16	0	34	0	0
14	16	0	34	0	0
14	16	0	34	0	0
14	16	0	34	0	0
14	16	0	34	0	0
14	16	0	34	0	0
14	16	0	34	0	0
14	16	0	34	0	0
14	16	0	34	0	0
14	16	0	34	0	0
14	16	0	34	0	0
14	16	0	34	0	0
14	16	0	34	0	0
14	16	0	34	0	0
14	16	0	34	0	0
14	16	0	34	0	0
0	16	0	34	0	0
0	16	0	34	0	0
0	16	0	34	0	0
0	16	0	34	0	0
0	16	0	34	0	0
0	16	0	34	0	0
0	16	0	34	0	0
0	16	0	34	0	0
0	16	0	34	0	0
0	16	0	34	0	0
0	16	0	34	0	0
0	16	0	34	0	0
0	16	0	34	0	0
0	16	0	34	0	0
0	16	0	34	0	0
0	16	0	34	0	0
0	16	0	34	0	0
0	16	0	34	0	0
0	16	0	34	0	0
0	16	0	34	0	0
0	16	0	34	0	0
0	16	0	34	0	0
18	16	0	34	0	0
18	16	0	34	0	0
18	16	0	34	0	0
18	16	0	34	0	0
18	16	0	34	0	0
18	16	0	34	0	0
18	16	0	34	0	0
18	16	0	34	0	0
18	16	0	34	0	0
18	16	0	34	0	0
26	16	0	34	0	0
26	16	0	34	0	0
26	16	0	34	0	0
26	16	0	34	0	0
26	16	0	34	0	0
26	16	0	34	0	0
26	16	0	34	0	0
26	16	0	34	0	0
26	16	0	34	0	0
26	16	0	34	0	0
26	16	0	34	0	0
26	16	0	34	0	0
26	16	0	34	0	0
26	16	0	34	0	0
26	16	0	34	0	0
26	16	0	34	0	0
26	16	0	34	0	0
26	16	0	40	0	0
26	16	0	40	0	0
26	16	0	40	0	0
26	16	0	40	0	0
26	16	0	40	0	0
26	16	0	40	0	0
26	16	0	40	0	0
26	16	0	40	0	0
26	16	0	40	0	0
26	16	0	40	0	0
26	16	0	40	0	0
26	16	0	40	0	0
26	16	0	40	0	0
26	16	0	40	0	0
26	16	0	40	0	0
26	16	0	40	0	0
26	16	0	40	0	0
26	16	0	40	0	0
26	16	0	40	0	0
26	16	0	40	0	0
26	16	0	40	0	0
26	16	0	40	0	0
26	16	0	40	0	0
26	16	0	40	0	0
26	0	0	40	0	0
26	0	0	40	0	0
26	0	0	40	0	0
26	0	0	40	0	0
26	0	0	40	0	0
26	0	0	40	0	0
26	0	0	40	0	0
26	0	0	40	0	0
26	0	0	40	0	0
26	0	0	40	0	0
26	0	0	40	0	0
26	0	0	40	0	0
26	0	0	40	0	0
26	0	0	40	0	0
26	0	0	40	0	0
26	0	0	40	0	0
26	0	0	40	0	0
26	0	0	40	0	0
26	0	0	40	0	0
26	0	0	40	0	0
26	0	0	40	0	0
26	0	0	40	0	0
26	0	0	40	0	0
26	0	0	40	0	0
26	0	0	40	0	0
26	0	0	40	0	0
26	0	0	40	0	0
26	0	0	40	0	0
26	0	0	40	0	0
26	0	0	40	0	0
26	0	0	40	0	0
26	0	0	40	0	0
26	0	0	40	0	0
26	0	0	40	0	0
26	0	0	40	0	0
26	0	0	40	0	0
26	0	0	40	0	0
26	0	0	40	0	0
26	0	0	40	0	0
26	0	0	40	0	0
26	0	0	40	0	0
26	0	0	40	0	0
26	0	0	40	0	0
26	0	0	48	0	0
26	0	0	48	0	0
26	0	0	48	0	0
26	0	0	48	0	0
26	0	0	48	0	0
26	0	0	48	0	0
26	0	0	48	0	0
26	0	0	48	0	0
26	0	0	48	0	0
26	0	0	48	0	0
26	0	0	48	0	0
26	0	0	48	0	0
26	0	0	48	0	0
26	0	0	48	0	0
26	0	0	48	0	0
26	0	0	48	0	0
0	0	0	48	0	0
0	0	0	48	0	0
0	0	0	48	0	0
0	0	0	48	0	0
0	0	0	48	0	0
0	0	0	48	0	0
0	0	0	48	0	0
0	0	0	48	0	0
0	0	0	48	0	0
0	0	0	48	0	0
0	0	0	48	0	0
0	0	0	48	0	0
0	0	0	48	0	0
0	0	0	48	0	0
0	0	0	48	0	0
0	0	0	48	0	0
0	0	0	48	0	0
0	0	0	48	0	0
0	0	0	48	0	0
0	0	0	48	0	0
0	0	0	48	0	0
0	0	0	48	0	0
0	0	0	48	0	0
0	0	0	48	0	0
0	0	0	48	0	0
0	0	0	48	0	0
0	0	0	48	0	0
0	0	0	48	0	0
0	0	0	48	0	0
0	0	0	48	0	0
0	0	0	48	0	0
0	0	0	48	0	0
0	0	0	48	0	0
0	0	0	48	0	0
0	0	0	48	0	0
0	0	0	48	0	0
0	0	0	48	0	0
0	0	0	48	0	0
0	0	0	48	0	0
0	0	0	48	0	0
0	0	0	48	0	0
0	0	0	48	0	0
0	0	0	48	0	0
0	0	0	48	0	0
0	0	0	48	0	0
0	0	0	48	0	0
0	0	0	48	0	0
0	0	0	48	0	0
0	0	0	48	0	0
0	0	0	48	0	0
0	0	0	48	0	0
0	0	0	48	0	0
0	0	0	48	0	0
0	0	0	48	0	0
0	0	0	48	0	0
0	0	0	48	0	0
0	0	0	48	0	0
0	0	0	48	0	0
0	0	0	48	0	0
0	0	0	48	0	0
0	0	0	48	0	0
0	0	0	48	0	0
0	0	0	48	0	0
0	0	0	48	0	0
0	0	0	48	0	0
0	0	0	48	0	0
0	0	0	48	0	0
0	0	0	48	0	0
0	0	0	48	0	0
0	0	0	48	0	0
0	0	0	48	0	0
0	0	0	48	0	0
0	0	0	48	0	0
0	0	0	48	0	0
0	0	0	48	0	0
0	0	0	48	0	0
0	0	0	48	0	0
0	0	0	48	0	0
0	0	0	48	0	0
0	0	0	48	0	0
0	0	0	48	0	0
0	0	0	48	0	0
0	0	0	48	0	0
0	0	0	48	0	0
0	0	0	48	0	0
0	0	0	48	0	0
0	0	0	48	0	0
0	0	0	48	0	0
0	0	0	48	0	0
0	0	0	48	0	0
0	0	0	48	0	0
0	0	0	48	0	0
0	0	0	48	0	0
0	0	0	48	0	0
0	0	0	48	0	0
0	0	0	48	0	0
0	0	0	48	0	0
0	0	0	48	0	0
0	0	0	48	0	0
0	0	0	48	0	0
0	0	0	48	0	0
0	0	0	48	0	0
0	0	0	48	0	0
0	0	0	48	0	0
0	0	0	48	0	0
0	0	0	48	0	0
0	0	0	48	0	0
0	0	0	48	0	0
0	0	0	48	0	0
0	0	0	48	0	0
0	0	0	48	0	0
0	0	0	48	0	0
0	0	0	48	0	0
0	0	0	48	0	0
0	0	0	48	0	0
0	0	0	48	0	0
0	0	0	48	0	0
0	0	0	48	0	0
0	0	0	48	0	0
0	0	0	48	0	0
0	0	0	48	0	0
0	0	0	48	0	0
0	0	0	48	0	0
10	0	0	48	0	0
10	0	0	48	0	0
10	0	0	48	0	0
10	0	0	48	0	0
10	0	0	48	0	0
20	0	0	48	0	0
20	0	0	48	0	0
20	0	0	48	0	0
20	0	0	48	0	0
20	0	0	48	0	0
24	0	0	48	0	0
24	0	0	48	0	0
24	0	0	48	0	0
24	0	0	48	0	0
24	0	0	48	0	0
24	0	0	48	0	0
24	0	0	48	0	0
24	0	0	48	0	0
24	0	0	48	0	0
24	0	0	48	0	0
24	0	0	48	0	0
24	0	0	48	0	0
24	0	0	48	0	0
24	0	0	48	0	0
24	0	0	48	0	0
24	0	0	48	0	0
24	0	0	48	0	0
24	0	0	48	0	0
24	0	0	48	0	0
24	0	0	48	0	0
24	0	0	48	0	0
24	0	0	48	0	0
24	0	0	48	0	0
24	0	0	48	0	0
24	0	0	48	0	0
24	0	0	48	0	0
24	0	0	48	0	0
24	0	0	48	0	0
24	0	0	48	0	0
24	0	0	48	0	0
24	0	0	48	0	0
24	0	0	48	0	0
24	0	0	48	0	0
24	0	0	48	0	0
24	0	0	48	0	0
24	0	0	48	0	0
24	0	0	48	0	0
24	0	0	48	0	0
24	0	0	48	0	0
24	0	0	48	0	0
24	0	0	48	0	0
24	0	0	48	0	0
24	0	0	48	0	0
24	0	0	48	0	0
24	0	0	48	0	0
24	0	0	48	0	0
24	0	0	48	0	0
24	0	0	48	0	0
24	0	0	48	0	0
24	0	0	48	0	0
24	0	0	48	0	0
24	0	0	48	0	0
24	0	0	48	0	0
24	0	0	48	0	0
24	0	0	48	0	0
24	0	0	58	0	0
24	0	0	58	0	0
24	0	0	58	0	0
24	0	0	58	0	0
24	0	0	58	0	0
24	0	0	58	0	0
24	0	0	58	0	0
24	0	0	58	0	0
24	0	0	58	0	0
24	0	0	58	0	0
24	0	0	58	0	0
24	0	0	58	0	0
24	0	0	58	0	0
24	0	0	58	0	0
24	0	0	58	0	0
24	0	0	58	0	0
24	0	0	58	0	0
24	0	0	58	0	0
24	0	0	58	0	0
24	0	0	58	0	0
24	0	0	58	0	0
24	0	0	58	0	0
24	0	0	58	0	0
24	0	0	58	0	0
24	0	0	58	0	0
24	0	0	58	0	0
24	0	0	58	0	0
24	0	0	58	0	0
24	0	0	58	0	0
24	0	0	58	0	0
24	0	0	58	0	0
24	0	0	58	0	0
24	0	0	58	0	0
24	0	0	58	0	0
24	0	0	58	0	0
24	0	0	58	0	0
24	0	0	58	0	0
24	0	0	58	0	0
24	0	0	58	0	0
24	0	0	58	0	0
24	0	0	58	0	0
24	0	0	58	0	0
24	0	0	58	0	0
24	0	0	58	0	0
24	0	0	58	0	0
24	0	0	58	0	0
24	0	0	58	0	0
24	0	0	58	0	0
24	0	0	58	0	0
24	0	0	58	0	0
24	0	0	58	0	0
24	0	0	58	0	0
24	0	0	58	0	0
24	0	0	58	0	0
24	0	0	58	0	0
24	0	0	58	0	0
24	0	0	58	0	0
24	0	0	58	0	0
24	0	0	58	0	0
24	0	0	58	0	0
24	0	0	58	0	0
24	0	0	58	0	0
24	0	0	58	0	0
24	0	0	58	0	0
24	0	0	58	0	0
24	0	0	58	0	0
24	0	0	58	0	0
24	0	0	58	0	0
24	0	0	58	0	0
24	0	0	58	0	0
24	0	0	58	0	0
24	0	0	58	0	0
24	0	0	58	0	0
24	0	0	58	0	0
24	0	0	58	0	0
24	0	0	58	0	0
24	0	0	58	0	0
24	0	0	58	0	0
24	0	0	58	0	0
24	0	0	58	0	0
24	0	0	58	0	0
24	0	0	58	0	0
24	0	0	58	0	0
24	0	0	58	0	0
24	0	0	58	0	0
24	0	0	58	0	0
24	0	0	58	0	0
24	0	0	58	0	0
24	0	0	58	0	0
24	0	0	58	0	0
24	0	0	58	0	0
24	0	0	58	0	0
24	0	0	58	0	0
24	0	0	58	0	0
24	0	0	58	0	0
24	0	0	58	0	0
24	0	0	58	0	0
24	0	0	58	0	0
24	0	0	58	0	0
24	0	0	58	0	0
24	0	0	58	0	0
24	0	0	58	0	0
24	0	0	58	0	0
24	0	0	58	0	0
24	0	0	58	0	0
24	0	0	58	0	0
24	0	0	58	0	0
24	0	0	58	0	0
24	0	0	58	0	0
24	0	0	58	0	0
24	0	0	58	0	0
24	0	0	58	0	0
24	0	0	58	0	0
40	0	0	58	0	0
40	0	0	58	0	0
40	0	0	58	0	0
40	0	0	58	0	0
40	0	0	58	0	0
40	0	0	58	0	0
40	0	0	58	0	0
40	0	0	58	0	0
40	0	0	58	0	0
40	0	0	58	0	0
40	0	0	58	0	0
40	0	0	58	0	0
40	0	0	58	0	0
40	0	0	58	0	0
40	0	0	58	0	0
40	0	0	58	0	0
40	0	0	58	0	0
40	0	0	58	0	0
40	0	0	58	0	0
40	0	0	58	0	0
40	0	0	58	0	0
40	0	0	58	0	0
40	0	0	52	0	0
40	0	0	52	0	0
40	0	0	52	0	0
40	0	0	46	0	0
40	0	0	46	0	0
40	0	0	46	0	0
40	0	0	46	0	0
40	0	0	46	0	0
40	0	0	46	0	0
40	0	0	46	0	0
40	0	0	46	0	0
40	0	0	46	0	0
40	0	0	46	0	0
40	0	0	46	0	0
40	0	0	46	0	0
40	0	0	46	0	0
40	0	0	46	0	0
40	0	0	46	0	0
40	0	0	46	0	0
40	0	0	46	0	0
40	0	0	46	0	0
40	0	0	46	0	0
40	0	0	46	0	0
40	0	0	36	0	0
40	0	0	36	0	0
40	0	0	36	0	0
40	0	0	36	0	0
40	0	0	36	0	0
40	0	0	36	0	0
40	0	0	36	0	0
40	0	0	36	0	0
40	0	0	36	0	0
40	0	0	36	0	0
40	0	0	36	0	0
40	0	0	36	0	0
40	0	0	36	0	0
40	0	0	36	0	0
52	0	0	36	0	0
52	0	0	36	0	0
52	0	0	36	0	0
52	0	0	36	0	0
52	0	0	36	0	0
52	0	0	36	0	0
52	0	0	36	0	0
52	0	0	36	0	0
52	0	0	36	0	0
52	0	0	36	0	0
52	0	0	36	0	0
52	0	0	36	0	0
52	0	0	36	0	0
52	0	0	36	0	0
52	0	0	36	0	0
52	0	0	36	0	0
52	0	0	36	0	0
52	0	0	36	0	0
52	0	0	36	0	0
52	0	0	36	0	0
52	0	0	36	0	0
52	0	0	36	0	0
52	0	0	36	0	0
52	0	0	36	0	0
52	0	0	36	0	0
52	0	0	36	0	0
52	0	0	36	0	0
52	0	0	36	0	0
52	0	0	36	0	0
52	0	0	36	0	0
52	0	0	36	0	0
52	0	0	36	0	0
52	0	0	36	0	0
52	0	0	36	0	0
52	0	0	36	0	0
52	0	0	36	0	0
52	0	0	36	0	0
52	0	0	36	0	0
52	0	0	36	0	0
52	0	0	36	0	0
52	0	0	36	0	0
52	0	0	36	0	0
52	0	0	36	0	0
52	0	0	36	0	0
52	0	0	36	0	0
52	0	0	36	0	0
52	0	0	36	0	0
52	0	0	36	0	0
52	0	0	36	0	0
52	0	0	36	0	0
52	0	0	36	0	0
52	0	0	36	0	0
52	0	0	36	0	0
52	0	0	36	0	0
52	0	0	36	0	0
52	0	0	36	0	0
52	0	0	36	0	0
52	0	0	36	0	0
52	0	0	36	0	0
52	0	0	36	0	0
52	0	0	36	0	0
52	0	0	36	0	0
52	0	0	36	0	0
52	0	0	36	0	0
52	0	0	36	0	0
52	0	0	36	0	0
52	0	0	36	0	0
52	0	0	36	0	0
52	0	0	36	0	0
52	0	0	36	0	0
52	0	0	36	0	0
52	0	0	36	0	0
52	0	0	36	0	0
52	0	0	36	0	0
52	0	0	36	0	0
52	0	0	36	0	0
52	0	0	36	0	0
52	0	0	36	0	0
52	0	0	36	0	0
52	0	0	36	0	0
52	0	0	36	0	0
52	0	0	36	0	0
52	0	0	36	0	0
52	0	0	36	0	0
52	0	0	36	0	0
52	0	0	36	0	0
52	0	0	36	0	0
52	0	0	36	0	0
52	0	0	36	0	0
52	0	0	36	0	0
52	0	0	36	0	0
52	0	0	36	0	0
52	0	0	36	0	0
52	0	0	36	0	0
52	0	0	36	0	0
52	0	0	36	0	0
52	0	0	36	0	0
52	0	0	36	0	0
52	0	0	36	0	0
52	0	0	36	0	0
52	0	0	36	0	0
52	0	0	36	0	0
52	0	0	36	0	0
52	0	0	36	0	0
52	0	0	36	0	0
52	0	0	36	0	0
52	0	0	36	0	0
52	0	0	36	0	0
52	0	0	36	0	0
52	0	0	36	0	0
52	0	0	36	0	0
52	0	0	36	0	0
52	0	0	36	0	0
52	0	0	36	0	0
52	0	0	36	0	0
52	0	0	36	0	0
52	0	0	36	0	0
52	0	0	36	0	0
52	0	0	36	0	0
52	0	0	36	0	0
52	0	0	36	0	0
52	0	0	36	0	0
52	0	0	36	0	0
52	0	0	36	0	0
52	0	0	36	0	0
52	0	0	36	0	0
52	0	0	36	0	0
52	0	0	36	0	0
52	0	0	36	0	0
52	0	0	36	0	0
52	0	0	36	0	0
52	0	0	36	0	0
52	0	0	36	0	0
52	0	0	36	0	0
52	0	0	36	0	0
52	0	0	36	0	0
52	0	0	36	0	0
52	0	0	36	0	0
52	0	0	36	0	0
52	0	0	36	0	0
52	0	0	36	0	0
52	0	0	36	0	0
52	0	0	36	0	0
52	0	0	36	0	0
52	0	0	36	0	0
52	0	0	36	0	0
52	0	0	36	0	0
52	0	0	36	0	0
52	0	0	36	0	0
52	0	0	36	0	0
52	0	0	36	0	0
52	0	0	36	0	0
52	0	0	36	0	0
52	0	0	36	0	0
52	0	0	36	0	0
52	0	0	36	0	0
52	0	0	36	0	0
52	0	0	36	0	0
52	0	0	36	0	0
52	0	0	36	0	0
52	0	0	36	0	0
52	0	0	36	0	0
52	0	0	36	0	0
52	0	0	36	0	0
52	0	0	36	0	0
52	0	0	36	0	0
52	0	0	36	0	0
52	0	0	36	0	0
52	0	0	36	0	0
52	0	0	36	0	0
52	0	0	36	0	0
52	0	0	36	0	0
52	0	0	36	0	0
52	0	0	36	0	0
52	0	0	36	0	0
52	0	0	36	0	0
52	0	0	36	0	0
52	0	0	36	0	0
52	0	0	36	0	0
52	0	0	36	0	0
52	0	0	36	0	0
52	0	0	36	0	0
52	0	0	36	0	0
52	0	0	36	0	0
52	0	0	36	0	0
52	0	0	36	0	0
52	0	0	36	0	0
52	0	0	36	0	0
52	0	0	36	0	0
52	0	0	36	0	0
52	0	0	36	0	0
52	0	0	36	0	0
52	0	0	36	0	0
52	0	0	36	0	0
52	0	0	36	0	0
52	0	0	36	0	0
52	0	0	36	0	0
52	0	0	36	0	0
52	0	0	36	0	0
52	0	0	36	0	0
52	0	0	36	0	0
52	0	0	36	0	0
52	0	0	36	0	0
52	0	0	36	0	0
52	0	0	36	0	0
52	0	0	36	0	0
52	0	0	36	0	0
52	0	0	36	0	0
52	0	0	36	0	0
52	0	0	36	0	0
52	0	0	36	0	0
52	0	0	36	0	0
52	0	0	36	0	0
52	0	0	36	0	0
52	0	0	36	0	0
52	0	0	36	0	0
52	0	0	36	0	0
52	0	0	36	0	0
52	0	0	36	0	0
52	0	0	36	0	0
52	0	0	36	0	0
52	0	0	36	0	0
52	0	0	36	0	0
52	0	0	36	0	0
52	0	0	36	0	0
52	0	0	36	0	0
52	0	0	36	0	0
52	0	0	36	0	0
52	0	0	36	0	0
52	0	0	36	0	0
52	0	0	36	0	0
52	0	0	36	0	0
52	0	0	36	0	0
52	0	0	36	0	0
52	0	0	36	0	0
52	0	0	36	0	0
52	0	0	36	0	0
52	0	0	36	0	0
52	0	0	36	0	0
52	0	0	36	0	0
52	0	0	36	0	0
52	0	0	36	0	0
52	0	0	36	0	0
52	0	0	36	0	0
52	0	0	36	0	0
52	0	0	36	0	0
52	0	0	36	0	0
52	0	0	36	0	0
52	0	0	36	0	0
52	0	0	36	0	0
52	0	0	36	0	0
52	0	0	36	0	0
52	0	0	36	0	0
52	0	0	36	0	0
52	0	0	36	0	0
52	0	0	36	0	0
52	0	0	36	0	0
52	0	0	36	0	0
52	0	0	36	0	0
52	0	0	36	0	0
52	0	0	36	0	0
52	0	0	36	0	0
52	0	0	36	0	0
52	0	0	36	0	0
52	0	0	36	0	0
52	0	0	36	0	0
52	0	0	36	0	0
52	0	0	36	0	0
52	0	0	36	0	0
52	0	0	36	0	0
52	0	0	36	0	0
52	0	0	36	0	0
52	0	0	36	0	0
52	0	0	36	0	0
52	0	0	36	0	0
52	0	0	36	0	0
52	0	0	36	0	0
52	0	0	36	0	0
52	0	0	36	0	0
52	0	0	36	0	0
52	0	0	36	0	0
52	0	0	36	0	0
52	0	0	36	0	0
52	0	0	36	0	0
52	0	0	36	0	0
52	0	0	36	0	0
52	0	0	36	0	0
52	0	0	36	0	0
52	0	0	36	0	0
52	0	0	36	0	0
52	0	0	36	0	0
52	0	0	36	0	0
52	0	0	36	0	0
52	0	0	36	0	0
52	0	0	36	0	0
52	0	0	36	0	0
52	0	0	36	0	0
52	0	0	36	0	0
52	0	0	36	0	0
52	0	0	36	0	0
52	0	0	36	0	0
52	0	0	36	0	0
52	0	0	36	0	0
52	0	0	36	0	0
52	0	0	36	0	0
52	0	0	36	0	0
52	0	0	36	0	0
52	0	0	36	0	0
52	0	0	36	0	0
52	0	0	36	0	0
52	0	0	36	0	0
52	0	0	36	0	0
52	0	0	36	0	0
52	0	0	36	0	0
52	0	0	36	0	0
52	0	0	36	0	0
52	0	0	36	0	0
52	0	0	36	0	0
52	0	0	36	0	0
52	0	0	36	0	0
52	0	0	36	0	0
52	0	0	36	0	0
52	0	0	36	0	0
52	0	0	36	0	0
52	0	0	36	0	0
52	0	0	36	0	0
52	0	0	36	0	0
52	0	0	36	0	0
52	0	0	36	0	0
52	0	0	36	0	0
52	0	0	36	0	0
52	0	0	36	0	0
52	0	0	36	0	0
52	0	0	36	0	0
52	0	0	36	0	0
52	0	0	36	0	0
52	0	0	36	0	0
52	0	0	36	0	0
52	0	0	36	0	0
52	0	0	36	0	0
52	0	0	36	0	0
52	0	0	36	0	0
52	0	0	36	0	0
52	0	0	36	0	0
52	0	0	36	0	0
52	0	0	36	0	0
52	0	0	36	0	0
52	0	0	36	0	0
52	0	0	36	0	0
52	0	0	36	0	0
52	0	0	36	0	0
52	0	0	36	0	0
52	0	0	36	0	0
52	0	0	36	0	0
52	0	0	36	0	0
52	0	0	36	0	0
52	0	0	36	0	0
52	0	0	36	0	0
52	0	0	36	0	0
52	0	0	36	0	0
52	0	0	36	0	0
52	0	0	36	0	0
52	0	0	36	0	0
52	0	0	36	0	0
52	0	0	36	0	0
52	0	0	36	0	0
52	0	0	36	0	0
52	0	0	36	0	0
52	0	0	36	0	0
52	0	0	36	0	0
52	0	0	36	0	0
52	0	0	36	0	0
52	0	0	36	0	0
64	0	0	36	0	0
64	0	0	36	0	0
64	0	0	36	0	0
64	0	0	36	0	0
64	0	0	36	0	0
64	0	0	36	0	0
64	0	0	36	0	0
64	0	0	36	0	0
64	0	0	36	0	0
64	0	0	36	0	0
64	0	0	36	0	0
64	0	0	36	0	0
64	0	0	36	0	0
64	0	0	36	0	0
64	0	0	36	0	0
64	0	0	36	0	0
64	0	0	36	0	0
64	0	0	36	0	0
64	0	0	36	0	0
64	0	0	36	0	0
64	0	0	36	0	0
64	0	0	36	0	0
64	0	0	36	0	0
64	0	0	36	0	0
64	0	0	36	0	0
64	0	0	36	0	0
64	0	0	36	0	0
64	0	0	36	0	0
64	0	0	36	0	0
64	0	0	36	0	0
64	0	0	36	0	0
64	0	0	36	0	0
64	0	0	20	0	0
64	0	0	20	0	0
64	0	0	20	0	0
64	0	0	20	0	0
64	0	0	20	0	0
64	0	0	20	0	0
64	0	0	20	0	0
64	0	0	20	0	0
64	0	0	20	0	0
64	0	0	20	0	0
64	0	0	20	0	0
64	0	0	20	0	0
64	0	0	20	0	0
64	0	0	20	0	0
64	0	0	20	0	0
64	0	0	20	0	0
64	0	0	20	0	0
64	0	0	20	0	0
64	0	0	20	0	0
64	0	0	20	0	0
64	0	0	20	0	0
64	0	0	20	0	0
64	0	0	20	0	0
64	0	0	20	0	0
64	0	0	20	0	0
64	0	0	20	0	0
64	0	0	20	0	0
64	0	0	20	0	0
64	0	0	20	0	0
64	0	0	20	0	0
64	0	0	20	0	0
64	0	0	20	0	0
64	0	0	20	0	0
64	0	0	20	0	0
64	0	0	20	0	0
64	0	0	20	0	0
64	0	0	20	0	0
64	0	0	20	0	0
64	0	0	20	0	0
64	0	0	20	0	0
64	0	0	20	0	0
64	0	0	20	0	0
64	0	0	20	0	0
64	0	0	20	0	0
64	0	0	20	0	0
64	0	0	20	0	0
64	0	0	20	0	0
64	0	0	20	0	0
64	0	0	20	0	0
64	0	0	20	0	0
64	0	0	20	0	0
64	0	0	20	0	0
64	0	0	20	0	0
64	0	0	20	0	0
64	0	0	20	0	0
64	0	0	20	0	0
64	0	0	20	0	0
64	0	0	20	0	0
64	0	0	20	0	0
64	0	0	20	0	0
64	0	0	20	0	0
64	0	0	20	0	0
64	0	0	20	0	0
64	0	0	20	0	0
64	0	0	20	0	0
64	0	0	20	0	0
64	0	0	20	0	0
64	0	0	20	0	0
64	0	0	20	0	0
64	0	0	20	0	0
64	0	0	20	0	0
64	0	0	20	0	0
64	0	0	20	0	0
64	0	0	20	0	0
64	0	0	20	0	0
64	0	0	20	0	0
64	0	0	20	0	0
64	0	0	20	0	0
64	0	0	20	0	0
64	0	0	20	0	0
64	0	0	20	0	0
64	0	0	20	0	0
64	0	0	20	0	0
64	0	0	20	0	0
64	0	0	20	0	0
64	0	0	20	0	0
64	0	0	20	0	0
64	0	0	20	0	0
64	0	0	20	0	0
64	0	0	20	0	0
64	0	0	20	0	0
64	0	0	20	0	0
64	0	0	20	0	0
64	0	0	20	0	0
64	0	0	20	0	0
64	0	0	20	0	0
64	0	0	20	0	0
64	0	0	20	0	0
64	0	0	20	0	0
64	0	0	20	0	0
64	0	0	20	0	0
64	0	0	20	0	0
64	0	0	20	0	0
64	0	0	20	0	0
64	0	0	20	0	0
64	0	0	20	0	0
64	0	0	20	0	0
64	0	0	20	0	0
64	0	0	20	0	0
64	0	0	20	0	0
64	0	0	20	0	0
64	0	0	20	0	0
64	0	0	20	0	0
64	0	0	20	0	0
64	0	0	20	0	0
64	0	0	20	0	0
64	0	0	20	0	0
64	0	0	20	0	0
64	0	0	20	0	0
64	0	0	20	0	0
64	0	0	20	0	0
64	0	0	20	0	0
64	0	0	20	0	0
64	0	0	20	0	0
64	0	0	20	0	0
64	0	0	20	0	0
64	0	0	20	0	0
64	0	0	20	0	0
64	0	0	20	0	0
64	0	0	20	0	0
64	0	0	20	0	0
64	0	0	20	0	0
64	0	0	20	0	0
64	0	0	20	0	0
64	0	0	20	0	0
64	0	0	20	0	0
64	0	0	20	0	0
64	0	0	20	0	0
64	0	0	20	0	0
64	0	0	20	0	0
64	0	0	20	0	0
64	0	0	20	0	0
64	0	0	20	0	0
64	0	0	20	0	0
64	0	0	20	0	0
64	0	0	20	0	0
64	0	0	20	0	0
64	0	0	20	0	0
64	0	0	20	0	0
64	0	0	20	0	0
64	0	0	20	0	0
64	0	0	20	0	0
64	0	0	20	0	0
64	0	0	20	0	0
64	0	0	20	0	0
64	0	0	20	0	0
64	0	0	20	0	0
64	0	0	20	0	0
64	0	0	20	0	0
64	0	0	20	0	0
64	0	0	20	0	0
64	0	0	20	0	0
64	0	0	20	0	0
64	0	0	20	0	0
64	0	0	20	0	0
64	0	0	20	0	0
64	0	0	20	0	0
64	0	0	20	0	0
64	0	0	20	0	0
64	0	0	20	0	0
64	0	0	20	0	0
64	0	0	20	0	0
64	0	0	20	0	0
64	0	0	20	0	0
64	0	0	20	0	0
64	0	0	20	0	0
64	0	0	20	0	0
64	0	0	20	0	0
64	0	0	20	0	0
64	0	0	20	0	0
64	0	0	20	0	0
64	0	0	20	0	0
64	0	0	20	0	0
64	0	0	20	0	0
64	0	0	20	0	0
64	0	0	20	0	0
64	0	0	20	0	0
64	0	0	20	0	0
64	0	0	20	0	0
64	0	0	20	0	0
64	0	0	20	0	0
64	0	0	20	0	0
64	0	0	20	0	0
64	0	0	20	0	0
64	0	0	20	0	0
64	0	0	20	0	0
64	0	0	20	0	0
64	0	0	20	0	0
64	0	0	20	0	0
64	0	0	20	0	0
64	0	0	20	0	0
64	0	0	20	0	0
64	0	0	20	0	0
64	0	0	20	0	0
64	0	0	20	0	0
64	0	0	20	0	0
64	0	0	20	0	0
64	0	0	20	0	0
64	0	0	20	0	0
64	0	0	20	0	0
64	0	0	20	0	0
64	0	0	20	0	0
64	0	0	20	0	0
64	0	0	20	0	0
64	0	0	20	0	0
64	0	0	20	0	0
64	0	0	20	0	0
64	0	0	20	0	0
64	0	0	20	0	0
64	0	0	20	0	0
64	0	0	20	0	0
64	0	0	20	0	0
64	0	0	20	0	0
64	0	0	20	0	0
64	0	0	20	0	0
64	0	0	20	0	0
64	0	0	20	0	0
64	0	0	20	0	0
64	0	0	20	0	0
64	0	0	20	0	0
64	0	0	20	0	0
64	0	0	20	0	0
64	0	0	20	0	0
64	0	0	20	0	0
64	0	0	20	0	0
64	0	0	20	0	0
64	0	0	20	0	0
64	0	0	20	0	0
64	0	0	20	0	0
64	0	0	20	0	0
64	0	0	20	0	0
64	0	0	20	0	0
64	0	0	20	0	0
64	0	0	20	0	0
64	0	0	20	0	0
64	0	0	20	0	0
64	0	0	20	0	0
64	0	0	20	0	0
64	0	0	20	0	0
64	0	0	20	0	0
64	0	0	20	0	0
64	0	0	20	0	0
64	0	0	20	0	0
64	0	0	20	0	0
64	0	0	20	0	0
64	0	0	20	0	0
64	0	0	20	0	0
64	0	0	20	0	0
64	0	0	20	0	0
64	0	0	20	0	0
64	0	0	20	0	0
64	0	0	20	0	0
64	0	0	20	0	0
64	0	0	20	0	0
64	0	0	20	0	0
64	0	0	20	0	0
64	0	0	20	0	0
64	0	0	20	0	0
64	0	0	20	0	0
64	0	0	20	0	0
64	0	0	20	0	0
64	0	0	20	0	0
64	0	0	20	0	0
64	0	0	20	0	0
64	0	0	20	0	0
64	0	0	20	0	0
64	0	0	20	0	0
64	0	0	20	0	0
64	0	0	20	0	0
64	0	0	20	0	0
64	0	0	20	0	0
64	0	0	20	0	0
64	0	0	20	0	0
64	0	0	20	0	0
64	0	0	20	0	0
64	0	0	20	0	0
64	0	0	20	0	0
64	0	0	20	0	0
64	0	0	20	0	0
64	0	0	20	0	0
64	0	0	20	0	0
64	0	0	20	0	0
64	0	0	20	0	0
64	0	0	20	0	0
64	0	0	20	0	0
64	0	0	20	0	0
64	0	0	20	0	0
64	0	0	20	0	0
64	0	0	20	0	0
64	0	0	20	0	0
64	0	0	20	0	0
64	0	0	20	0	0
64	0	0	20	0	0
64	0	0	20	0	0
64	0	0	20	0	0
64	0	0	20	0	0
64	0	0	20	0	0
64	0	0	20	0	0
64	0	0	20	0	0
64	0	0	20	0	0
64	0	0	20	0	0
64	0	0	20	0	0
64	0	0	20	0	0
64	0	0	20	0	0
64	0	0	20	0	0
64	0	0	20	0	0
64	0	0	20	0	0
64	0	0	20	0	0
64	0	0	20	0	0
64	0	0	20	0	0
64	0	0	20	0	0
64	0	0	20	0	0
64	0	0	20	0	0
64	0	0	20	0	0
64	0	0	20	0	0
64	0	0	20	0	0
64	0	0	20	0	0
64	0	0	20	0	0
64	0	0	20	0	0
64	0	0	20	0	0
64	0	0	20	0	0
64	0	0	20	0	0
64	0	0	20	0	0
64	0	0	20	0	0
64	0	0	20	0	0
64	0	0	20	0	0
64	0	0	20	0	0
64	0	0	20	0	0
64	0	0	20	0	0
64	0	0	20	0	0
64	0	0	20	0	0
64	0	0	20	0	0
64	0	0	20	0	0
64	0	0	20	0	0
64	0	0	20	0	0
64	0	0	20	0	0
64	0	0	20	0	0
64	0	0	20	0	0
64	0	0	20	0	0
64	0	0	20	0	0
64	0	0	20	0	0
64	0	0	20	0	0
64	0	0	20	0	0
64	0	0	20	0	0
64	0	0	20	0	0
64	0	0	20	0	0
64	0	0	20	0	0
64	0	0	20	0	0
64	0	0	20	0	0
64	0	0	20	0	0
64	0	0	20	0	0
64	0	0	20	0	0
64	0	0	20	0	0
64	0	0	20	0	0
64	0	0	20	0	0
64	0	0	20	0	0
64	0	0	20	0	0
64	0	0	20	0	0
64	0	0	20	0	0
64	0	0	20	0	0
64	0	0	20	0	0
64	0	0	20	0	0
64	0	0	20	0	0
64	0	0	20	0	0
64	0	0	20	0	0
64	0	0	20	0	0
64	0	0	20	0	0
64	0	0	20	0	0
64	0	0	20	0	0
64	0	0	20	0	0
64	0	0	20	0	0
64	0	0	20	0	0
64	0	0	20	0	0
64	0	0	20	0	0
64	0	0	20	0	0
64	0	0	20	0	0
64	0	0	20	0	0
64	0	0	20	0	0
64	0	0	20	0	0
64	0	0	20	0	0
64	0	0	20	0	0
64	0	0	20	0	0
64	0	0	20	0	0
64	0	0	20	0	0
64	0	0	20	0	0
64	0	0	20	0	0
64	0	0	20	0	0
64	0	0	20	0	0
64	0	0	20	0	0
64	0	0	20	0	0
64	0	0	20	0	0
64	0	0	20	0	0
64	0	0	20	0	0
64	0	0	20	0	0
64	0	0	20	0	0
64	0	0	20	0	0
64	0	0	20	0	0
64	0	0	20	0	0
64	0	0	20	0	0
64	0	0	20	0	0
64	0	0	20	0	0
64	0	0	20	0	0
64	0	0	20	0	0
64	0	0	20	0	0
64	0	0	20	0	0
64	0	0	20	0	0
64	0	0	20	0	0
64	0	0	20	0	0
64	0	0	20	0	0
64	0	0	20	0	0
64	0	0	20	0	0
64	0	0	20	0	0
64	0	0	20	0	0
64	0	0	20	0	0
64	0	0	20	0	0
64	0	0	20	0	0
64	0	0	20	0	0
64	0	0	20	0	0
64	0	0	20	0	0
64	0	0	20	0	0
64	0	0	20	0	0
64	0	0	20	0	0
64	0	0	20	0	0
64	0	0	20	0	0
64	0	0	20	0	0
64	0	0	20	0	0
64	0	0	20	0	0
64	0	0	20	0	0
64	0	0	20	0	0
64	0	0	20	0	0
64	0	0	20	0	0
64	0	0	20	0	0
64	0	0	20	0	0
64	0	0	20	0	0
64	0	0	20	0	0
64	0	0	20	0	0
64	0	0	20	0	0
64	0	0	20	0	0
64	0	0	20	0	0
64	0	0	20	0	0
64	0	0	20	0	0
64	0	0	20	0	0
64	0	0	20	0	0
64	0	0	20	0	0
64	0	0	20	0	0
64	0	0	20	0	0
64	0	0	20	0	0
64	0	0	20	0	0
64	0	0	20	0	0
64	0	0	20	0	0
64	0	0	20	0	0
64	0	0	20	0	0
64	0	0	20	0	0
64	0	0	20	0	0
64	0	0	20	0	0
64	0	0	20	0	0
64	0	0	0	0	0
64	0	0	0	0	0
64	0	0	0	0	0
64	0	0	0	0	0
64	0	0	0	0	0
64	0	0	0	0	0
64	0	0	0	0	0
64	0	0	0	0	0
64	0	0	0	0	0
64	0	0	0	0	0
64	0	0	0	0	0
64	0	0	0	0	0
64	0	0	0	0	0
64	0	0	0	0	0
64	0	0	0	0	0
64	0	0	0	0	0
64	0	0	0	0	0
64	0	0	0	0	0
64	0	0	0	0	0
64	0	0	0	0	0
64	0	0	0	0	0
64	0	0	0	0	0
64	0	0	0	0	0
64	0	0	0	0	0
64	0	0	0	0	0
64	0	0	0	0	0
64	0	0	0	0	0
64	0	0	0	0	0
64	0	0	0	0	0
64	0	0	0	0	0
64	0	0	0	0	0
64	0	0	0	0	0
64	0	0	0	0	0
64	0	0	0	0	0
64	0	0	0	0	0
64	0	0	0	0	0
64	0	0	0	0	0
64	0	0	0	0	0
64	0	0	0	0	0
64	0	0	0	0	0
64	0	0	0	0	0
64	0	0	0	0	0
64	0	0	0	0	0
64	0	0	0	0	0
64	0	0	0	0	0
64	0	0	0	0	0
64	0	0	0	0	0
64	0	0	0	0	0
64	0	0	0	0	0
64	0	0	0	0	0
64	0	0	0	0	0
64	0	0	0	0	0
64	0	0	0	0	0
64	0	0	0	0	0
64	0	0	0	0	0
64	0	0	0	0	0
64	0	0	0	0	0
64	0	0	0	0	0
64	0	0	0	0	0
64	0	0	0	0	0
64	0	0	0	0	0
64	0	0	0	0	0
64	0	0	0	0	0
64	0	0	0	0	0
64	0	0	0	0	0
64	0	0	0	0	0
64	0	0	0	0	0
64	0	0	0	0	0
64	0	0	0	0	0
64	0	0	0	0	0
64	0	0	0	0	0
64	0	0	0	0	0
64	0	0	0	0	0
64	0	0	0	0	0
64	0	0	0	0	0
64	0	0	0	0	0
64	0	0	0	0	0
64	0	0	0	0	0
64	0	0	0	0	0
64	0	0	0	0	0
64	0	0	0	0	0
64	0	0	0	0	0
64	0	0	0	0	0
64	0	0	0	0	0
64	0	0	0	0	0
64	0	0	0	0	0
64	0	0	0	0	0
64	0	0	0	0	0
64	0	0	0	0	0
64	0	0	0	0	0
64	0	0	0	0	0
64	0	0	0	0	0
64	0	0	0	0	0
64	0	0	0	0	0
64	0	0	0	0	0
64	0	0	0	0	0
64	0	0	0	0	0
64	0	0	0	0	0
64	0	0	0	0	0
64	0	0	0	0	0
64	0	0	0	0	0
64	0	0	0	0	0
64	0	0	0	0	0
64	0	0	0	0	0
64	0	0	0	0	0
64	0	0	0	0	0
64	0	0	0	0	0
64	0	0	0	0	0
64	0	0	0	0	0
64	0	0	0	0	0
64	0	0	0	0	0
64	0	0	0	0	0
64	0	0	0	0	0
64	0	0	0	0	0
64	0	0	0	0	0
64	0	0	0	0	0
64	0	0	0	0	0
64	0	0	0	0	0
64	0	0	0	0	0
64	0	0	0	0	0
64	0	0	0	0	0
64	0	0	0	0	0
64	0	0	0	0	0
64	0	0	0	0	0
64	0	0	0	0	0
64	0	0	0	0	0
64	0	0	0	0	0
64	0	0	0	0	0
64	0	0	0	0	0
64	0	0	0	0	0
64	0	0	0	0	0
64	0	0	0	0	0
64	0	0	0	0	0
64	0	0	0	0	0
64	0	0	0	0	0
64	0	0	0	0	0
64	0	0	0	0	0
64	0	0	0	0	0
64	0	0	0	0	0
64	0	0	0	0	0
64	0	0	0	0	0
64	0	0	0	0	0
64	0	0	0	0	0
64	0	0	0	0	0
64	0	0	0	0	0
64	0	0	0	0	0
64	0	0	0	0	0
64	0	0	0	0	0
64	0	0	0	0	0
64	0	0	0	0	0
64	0	0	0	0	0
64	0	0	0	0	0
64	0	0	0	0	0
64	0	0	0	0	0
64	0	0	0	0	0
64	0	0	0	0	0
64	0	0	0	0	0
64	0	0	0	0	0
64	0	0	0	0	0
64	0	0	0	0	0
64	0	0	0	0	0
64	0	0	0	0	0
64	0	0	0	0	0
64	0	0	0	0	0
64	0	0	0	0	0
64	0	0	0	0	0
64	0	0	0	0	0
64	0	0	0	0	0
64	0	0	0	0	0
64	0	0	0	0	0
64	0	0	0	0	0
64	0	0	0	0	0
64	0	0	0	0	0
64	0	0	0	0	0
64	0	0	0	0	0
64	0	0	0	0	0
64	0	0	0	0	0
64	0	0	0	0	0
64	0	0	0	0	0
64	0	0	0	0	0
64	0	0	0	0	0
64	0	0	0	0	0
64	0	0	0	0	0
64	0	0	0	0	0
64	0	0	0	0	0
64	0	0	0	0	0
64	0	0	0	0	0
64	0	0	0	0	0
64	0	0	0	0	0
64	0	0	0	0	0
64	0	0	0	0	0
64	0	0	0	0	0
64	0	0	0	0	0
64	0	0	0	0	0
64	0	0	0	0	0
64	0	0	0	0	0
64	0	0	0	0	0
64	0	0	0	0	0
64	0	0	0	0	0
64	0	0	0	0	0
64	0	0	0	0	0
64	0	0	0	0	0
64	0	0	0	0	0
64	0	0	0	0	0
64	0	0	0	0	0
64	0	0	0	0	0
64	0	0	0	0	0
64	0	0	0	0	0
64	0	0	0	0	0
64	0	0	0	0	0
64	0	0	0	0	0
64	0	0	0	0	0
64	0	0	0	0	0
64	0	0	0	0	0
64	0	0	0	0	0
64	0	0	0	0	0
64	0	0	0	0	0
64	0	0	0	0	0
64	0	0	0	0	0
64	0	0	0	0	0
64	0	0	0	0	0
64	0	0	0	0	0
64	0	0	0	0	0
64	0	0	0	0	0
64	0	0	0	0	0
64	0	0	0	0	0
64	0	0	0	0	0
64	0	0	0	0	0
64	0	0	0	0	0
64	0	0	0	0	0
64	0	0	0	0	0
64	0	0	0	0	0
64	0	0	0	0	0
64	0	0	0	0	0
64	0	0	0	0	0
64	0	0	0	0	0
64	0	0	0	0	0
64	0	0	0	0	0
64	0	0	0	0	0
64	0	0	0	0	0
64	0	0	0	0	0
64	0	0	0	0	0
64	0	0	0	0	0
64	0	0	0	0	0
64	0	0	0	0	0
64	0	0	0	0	0
64	0	0	0	0	0
64	0	0	0	0	0
64	0	0	0	0	0
64	0	0	0	0	0
64	0	0	0	0	0
64	0	0	0	0	0
64	0	0	0	0	0
64	0	0	0	0	0
64	0	0	0	0	0
64	0	0	0	0	0
64	0	0	0	0	0
64	0	0	0	0	0
64	0	0	0	0	0
64	0	0	0	0	0
64	0	0	0	0	0
64	0	0	0	0	0
64	0	0	0	0	0
64	0	0	0	0	0
64	0	0	0	0	0
64	0	0	0	0	0
64	0	0	0	0	0
64	0	0	0	0	0
64	0	0	0	0	0
64	0	0	0	0	0
64	0	0	0	0	0
64	0	0	0	0	0
64	0	0	0	0	0
64	0	0	0	0	0
64	0	0	0	0	0
64	0	0	0	0	0
64	0	0	0	0	0
64	0	0	0	0	0
64	0	0	0	0	0
64	0	0	0	0	0
64	0	0	0	0	0
64	0	0	0	0	0
64	0	0	0	0	0
64	0	0	0	0	0
64	0	0	0	0	0
64	0	0	0	0	0
64	0	0	0	0	0
64	0	0	0	0	0
64	0	0	0	0	0
64	0	0	0	0	0
64	0	0	0	0	0
64	0	0	0	0	0
64	0	0	0	0	0
64	0	0	0	0	0
64	0	0	0	0	0
64	0	0	0	0	0
64	0	0	0	0	0
64	0	0	0	0	0
64	0	0	0	0	0
64	0	0	0	0	0
64	0	0	0	0	0
64	0	0	0	0	0
64	0	0	0	0	0
64	0	0	0	0	0
64	0	0	0	0	0
64	0	0	0	0	0
64	0	0	0	0	0
64	0	0	0	0	0
64	0	0	0	0	0
64	0	0	0	0	0
64	0	0	0	0	0
64	0	0	0	0	0
64	0	0	0	0	0
64	0	0	0	0	0
64	0	0	0	0	0
64	0	0	0	0	0
64	0	0	0	0	0
64	0	0	0	0	0
64	0	0	0	0	0
64	0	0	0	0	0
64	0	0	0	0	0
64	0	0	0	0	0
64	0	0	0	0	0
64	0	0	0	0	0
64	0	0	0	0	0
64	0	0	0	0	0
64	0	0	0	0	0
64	0	0	0	0	0
64	0	0	0	0	0
64	0	0	0	0	0
64	0	0	0	0	0
64	0	0	0	0	0
64	0	0	0	0	0
64	0	0	0	0	0
64	0	0	0	0	0
64	0	0	0	0	0
64	0	0	0	0	0
64	0	0	0	0	0
64	0	0	0	0	0
64	0	0	0	0	0
64	0	0	0	0	0
64	0	0	0	0	0
64	0	0	0	0	0
64	0	0	0	0	0
64	0	0	0	0	0
64	0	0	0	0	0
64	0	0	0	0	0
64	0	0	0	0	0
64	0	0	0	0	0
64	0	0	24	0	0
64	0	0	24	0	0
64	0	0	24	0	0
64	0	0	24	0	0
64	0	0	24	0	0
64	0	0	24	0	0
64	0	0	24	0	0
64	0	0	24	0	0
64	0	0	24	0	0
64	0	0	24	0	0
64	0	0	24	0	0
64	0	0	24	0	0
64	0	0	24	0	0
64	0	0	24	0	0
64	0	0	24	0	0
64	0	0	24	0	0
64	0	0	24	0	0
64	0	0	24	0	0
64	0	0	24	0	0
64	0	0	24	0	0
64	0	0	24	0	0
64	0	0	24	0	0
64	0	0	24	0	0
64	0	0	24	0	0
64	0	0	24	0	0
64	0	0	24	0	0
64	0	0	24	0	0
64	0	0	24	0	0
64	0	0	24	0	0
64	0	0	24	0	0
64	0	0	24	0	0
64	0	0	24	0	0
64	0	0	24	0	0
64	0	0	24	0	0
64	0	0	24	0	0
64	0	0	24	0	0
64	0	0	24	0	0
64	0	0	24	0	0
64	0	0	24	0	0
64	0	0	24	0	0
64	0	0	24	0	0
64	0	0	24	0	0
64	0	0	24	0	0
64	0	0	24	0	0
64	0	0	24	0	0
64	0	0	24	0	0
64	0	0	24	0	0
64	0	0	24	0	0
64	0	0	24	0	0
64	0	0	24	0	0
64	0	0	24	0	0
64	0	0	24	0	0
64	0	0	24	0	0
64	0	0	24	0	0
64	0	0	24	0	0
64	0	0	24	0	0
64	0	0	24	0	0
64	0	0	24	0	0
64	0	0	24	0	0
64	0	0	24	0	0
64	0	0	24	0	0
64	0	0	24	0	0
64	0	0	24	0	0
64	0	0	24	0	0
32	0	0	24	0	0
32	0	0	24	0	0
32	0	0	24	0	0
32	0	0	24	0	0
32	0	0	24	0	0
32	0	0	24	0	0
32	0	0	24	0	0
32	0	0	24	0	0
32	0	0	24	0	0
32	0	0	24	0	0
32	0	0	24	0	0
32	0	0	24	0	0
32	0	0	24	0	0
32	0	0	24	0	0
32	0	0	24	0	0
32	0	0	24	0	0
32	0	0	24	0	0
32	0	0	24	0	0
32	0	0	24	0	0
32	0	0	24	0	0
32	0	0	24	0	0
32	0	0	24	0	0
32	0	0	24	0	0
32	0	0	24	0	0
32	0	0	24	0	0
32	0	0	24	0	0
32	0	0	24	0	0
32	0	0	24	0	0
32	0	0	24	0	0
32	0	0	24	0	0
32	0	0	24	0	0
32	0	0	24	0	0
32	0	0	24	0	0
32	0	0	24	0	0
32	0	0	24	0	0
32	0	0	24	0	0
32	0	0	24	0	0
32	0	0	24	0	0
32	0	0	24	0	0
32	0	0	24	0	0
32	0	0	24	0	0
32	0	0	24	0	0
32	0	0	24	0	0
32	0	0	24	0	0
32	0	0	24	0	0
32	0	0	24	0	0
32	0	0	24	0	0
32	0	0	24	0	0
32	0	0	24	0	0
32	0	0	24	0	0
32	0	0	24	0	0
32	0	0	24	0	0
32	0	0	24	0	0
32	0	0	24	0	0
32	0	0	24	0	0
32	0	0	24	0	0
32	0	0	24	0	0
32	0	0	24	0	0
32	0	0	24	0	0
32	0	0	24	0	0
32	0	0	24	0	0
32	0	0	24	0	0
32	0	0	24	0	0
32	0	0	24	0	0
32	0	0	24	0	0
32	0	0	24	0	0
32	0	0	24	0	0
32	0	0	24	0	0
32	0	0	24	0	0
32	0	0	24	0	0
32	0	0	24	0	0
32	0	0	24	0	0
32	0	0	24	0	0
32	0	0	24	0	0
32	0	0	24	0	0
32	0	0	24	0	0
32	0	0	24	0	0
32	0	0	24	0	0
32	0	0	24	0	0
32	0	0	24	0	0
32	0	0	24	0	0
32	0	0	24	0	0
32	0	0	24	0	0
32	0	0	24	0	0
32	0	0	24	0	0
32	0	0	24	0	0
32	0	0	24	0	0
32	0	0	24	0	0
32	0	0	24	0	0
32	0	0	24	0	0
32	0	0	24	0	0
32	0	0	24	0	0
32	0	0	24	0	0
32	0	0	24	0	0
32	0	0	24	0	0
32	0	0	24	0	0
32	0	0	24	0	0
32	0	0	24	0	0
32	0	0	24	0	0
32	0	0	24	0	0
0	0	0	24	0	0
0	0	0	24	0	0
0	0	0	24	0	0
0	0	0	24	0	0
0	0	0	24	0	0
0	0	0	24	0	0
0	0	0	24	0	0
0	0	0	24	0	0
0	0	0	24	0	0
0	0	0	24	0	0
0	0	0	24	0	0
0	0	0	24	0	0
0	0	0	24	0	0
0	0	0	24	0	0
0	0	0	24	0	0
0	0	0	24	0	0
0	0	0	24	0	0
0	0	0	24	0	0
0	0	0	0	0	0
0	0	0	0	0	0
0	0	0	0	0	0
0	0	0	0	0	0
0	0	0	0	0	0
0	0	0	0	0	0
0	0	0	0	0	0
0	0	0	0	0	0
0	0	0	0	0	0
0	0	0	0	0	0
0	0	0	0	0	0
0	0	0	0	0	0
0	0	0	0	0	0
0	0	0	0	0	0
0	0	0	0	0	0
0	0	0	0	0	0
0	0	0	0	0	0
0	0	0	0	0	0
0	0	0	0	0	0
0	0	0	0	0	0
0	0	0	0	0	0
0	0	0	0	0	0
0	0	0	0	0	0
0	0	0	0	0	0
0	0	0	0	0	0
0	0	0	0	0	0
0	0	0	0	0	0
0	0	0	0	0	0
0	0	0	0	0	0
0	0	0	0	0	0
0	0	0	0	0	0
0	0	0	0	0	0
0	0	0	0	0	0
0	0	0	0	0	0
0	0	0	0	0	0
0	0	0	0	0	0
0	0	0	0	0	0
0	0	0	0	0	0
0	0	0	0	0	0
0	0	0	0	0	0
0	0	0	0	0	0
0	0	0	0	0	0
0	0	0	0	0	0
0	0	0	0	0	0
0	0	0	0	0	0
0	0	0	0	0	0
0	0	0	0	0	0
0	0	0	0	0	0
0	0	0	0	0	0
0	0	0	0	0	0
0	0	0	0	0	0
0	0	0	0	0	0
0	0	0	0	0	0
0	0	0	26	0	0
0	0	0	26	0	0
0	0	0	26	0	0
0	0	0	26	0	0
0	0	0	26	0	0
0	0	0	26	0	0
0	0	0	26	0	0
0	0	0	26	0	0
0	0	0	26	0	0
0	0	0	26	0	0
0	0	0	26	0	0
0	0	0	26	0	0
0	0	0	26	0	0
0	0	0	26	0	0
0	0	0	26	0	0
0	0	0	26	0	0
0	0	0	26	0	0
0	0	0	26	0	0
0	0	0	26	0	0
0	0	0	26	0	0
0	0	0	26	0	0
0	0	0	26	0	0
0	0	0	26	0	0
0	0	0	26	0	0
0	0	0	26	0	0
0	0	0	26	0	0
0	0	0	26	0	0
0	0	0	26	0	0
0	0	0	26	0	0
0	0	0	26	0	0
0	0	0	26	0	0
0	0	0	26	0	0
0	0	0	26	0	0
0	0	0	26	0	0
0	0	0	26	0	0
0	0	0	26	0	0
0	0	0	26	0	0
0	0	0	26	0	0
0	0	0	26	0	0
0	0	0	26	0	0
0	0	0	26	0	0
0	0	0	26	0	0
0	0	0	26	0	0
0	0	0	26	0	0
0	0	0	26	0	0
0	0	0	26	0	0
0	0	0	26	0	0
0	0	0	26	0	0
0	0	0	26	0	0
0	0	0	26	0	0
0	0	0	26	0	0
0	0	0	26	0	0
0	0	0	26	0	0
0	0	0	26	0	0
0	0	0	26	0	0
0	0	0	26	0	0
0	0	0	26	0	0
0	0	0	26	0	0
0	0	0	26	0	0
0	0	0	26	0	0
0	0	0	26	0	0
0	0	0	26	0	0
0	0	0	26	0	0
0	0	0	26	0	0
0	0	0	26	0	0
0	0	0	26	0	0
0	0	0	26	0	0
0	0	0	26	0	0
0	0	0	26	0	0
0	0	0	26	0	0
0	0	0	26	0	0
0	0	0	26	0	0
0	0	0	26	0	0
0	0	0	26	0	0
0	0	0	26	0	0
0	0	0	26	0	0
0	0	0	26	0	0
0	0	0	26	0	0
0	0	0	26	0	0
0	0	0	26	0	0
0	0	0	26	0	0
0	0	0	26	0	0
0	0	0	26	0	0
0	0	0	26	0	0
0	0	0	26	0	0
0	0	0	26	0	0
0	0	0	26	0	0
0	0	0	26	0	0
0	0	0	26	0	0
0	0	0	26	0	0
0	0	0	26	0	0
0	0	0	26	0	0
0	0	0	26	0	0
0	0	0	26	0	0
0	0	0	26	0	0
0	0	0	26	0	0
0	0	0	26	0	0
0	0	0	26	0	0
0	0	0	26	0	0
0	0	0	26	0	0
0	0	0	26	0	0
0	0	0	26	0	0
0	0	0	26	0	0
0	0	0	26	0	0
0	0	0	26	0	0
0	0	0	26	0	0
0	0	0	26	0	0
0	0	0	26	0	0
0	0	0	26	0	0
0	0	0	26	0	0
0	0	0	26	0	0
0	0	0	26	0	0
0	0	0	26	0	0
0	0	0	26	0	0
0	0	0	26	0	0
0	0	0	26	0	0
0	0	0	26	0	0
0	0	0	26	0	0
0	0	0	26	0	0
0	0	0	26	0	0
0	0	0	26	0	0
0	0	0	26	0	0
0	0	0	26	0	0
0	0	0	26	0	0
0	0	0	26	0	0
0	0	0	26	0	0
0	0	0	26	0	0
0	0	0	26	0	0
0	0	0	26	0	0
0	0	0	26	0	0
0	0	0	0	0	0
0	0	0	0	0	0
0	0	0	0	0	0
0	0	0	0	0	0
0	0	0	0	0	0
0	0	0	0	0	0
0	0	0	0	0	0
0	0	0	0	0	0
0	0	0	0	0	0
0	0	0	0	0	0
0	0	0	0	0	0
0	0	0	0	0	0
0	0	0	0	0	0
0	0	0	0	0	0
0	0	0	0	0	0
0	0	0	0	0	0
0	0	0	0	0	0
0	0	0	0	0	0
0	0	0	0	0	0
0	0	0	0	0	0
0	0	0	0	0	0
0	0	0	0	0	0
0	0	0	0	0	0
0	0	0	0	0	0
0	0	0	0	0	0
0	0	0	0	0	0
0	0	0	0	0	0
0	0	0	0	0	0
0	0	0	0	0	0
0	0	0	0	0	0
0	0	0	0	0	0
0	0	0	0	0	0
0	0	0	0	0	0
0	0	0	0	0	0
0	0	0	0	0	0
0	0	0	0	0	0
0	0	0	0	0	0
0	0	0	0	0	0
0	0	0	0	0	0
0	0	0	0	0	0
0	0	0	0	0	0
0	0	0	0	0	0
0	0	0	0	0	0
0	0	0	0	0	0
0	0	0	0	0	0
0	0	0	0	0	0
0	0	0	0	0	0
0	0	0	0	0	0
0	0	0	0	0	0
0	0	0	0	0	0
0	0	0	0	0	0
0	0	0	0	0	0
0	0	0	0	0	0
0	0	0	0	0	0
0	0	0	0	0	0
0	0	0	0	0	0
0	0	0	0	0	0
0	0	0	0	0	0
0	0	0	0	0	0
0	0	0	0	0	0
0	0	0	0	0	0
0	0	0	0	0	0
0	0	0	0	0	0
0	0	0	0	0	0
0	0	0	0	0	0
0	0	0	0	0	0
0	0	0	0	0	0
0	0	0	0	0	0
0	0	0	0	0	0
0	0	0	0	0	0
0	0	0	0	0	0
0	0	0	0	0	0
0	0	0	0	0	0
0	0	0	0	0	0
0	0	0	0	0	0
0	0	0	0	0	0
0	0	0	0	0	0
0	0	0	0	0	0
0	0	0	0	0	0
0	0	0	0	0	0
0	0	0	0	0	0
0	0	0	0	0	0
0	0	0	0	0	0
0	0	0	0	0	0
0	0	0	0	0	0
0	0	0	0	0	0
0	0	0	0	0	0
0	0	0	0	0	0
0	0	0	0	0	0
0	0	0	0	0	0
0	0	0	0	0	0
0	0	0	0	0	0
0	0	0	0	0	0
0	0	0	0	0	0
0	0	0	0	0	0
0	0	0	0	0	0
0	0	0	0	0	0
0	0	0	0	0	0
0	0	0	0	0	0
0	0	0	0	0	0
0	0	0	0	0	0
0	0	0	0	0	0
0	0	0	0	0	0
0	0	0	0	0	0
0	0	0	0	0	0
0	0	0	0	0	0
0	0	0	0	0	0
0	0	0	0	0	0
0	0	0	0	0	0
0	0	0	0	0	0
0	0	0	0	0	0
0	0	0	0	0	0
0	0	0	0	0	0
0	0	0	0	0	0
0	0	0	0	0	0
0	0	0	0	0	0
0	0	0	0	0	0
0	0	0	0	0	0
0	0	0	0	0	0
0	0	0	0	0	0
0	0	0	0	0	0
0	0	0	0	0	0
0	0	0	0	0	0
0	0	0	0	0	0
0	0	0	0	0	0
0	0	0	0	0	0
0	0	0	0	0	0
0	0	0	0	0	0
0	0	0	0	0	0
0	0	0	0	0	0
0	0	0	0	0	0
0	0	0	0	0	0
0	0	0	0	0	0
0	0	0	0	0	0
0	0	0	0	0	0
0	0	0	0	0	0
0	0	0	0	0	0
0	0	0	0	0	0
0	0	0	0	0	0
0	0	0	0	0	0
0	0	0	0	0	0
0	0	0	0	0	0
0	0	0	0	0	0
0	0	0	0	0	0
0	0	0	0	0	0
0	0	0	0	0	0
0	0	0	0	0	0
0	0	0	0	0	0
0	0	0	0	0	0
0	0	0	0	0	0
0	0	0	0	0	0
0	0	0	0	0	0
0	0	0	0	0	0
0	0	0	0	0	0
0	0	0	0	0	0
0	0	0	0	0	0
0	0	0	0	0	0
0	0	0	0	0	0
0	0	0	0	0	0
0	0	0	0	0	0
0	0	0	0	0	0
0	0	0	0	0	0
0	0	0	0	0	0
0	0	0	0	0	0
0	0	0	0	0	0
0	0	0	0	0	0
0	0	0	0	0	0
0	0	0	0	0	0
0	0	0	0	0	0
0	0	0	0	0	0
0	0	0	0	0	0
0	0	0	0	0	0
0	0	0	0	0	0
0	0	0	0	0	0
0	0	0	0	0	0
0	0	0	0	0	0
0	0	0	0	0	0
0	0	0	0	0	0
0	0	0	0	0	0
0	0	0	0	0	0
0	0	0	0	0	0
0	0	0	0	0	0
0	0	0	0	0	0
0	0	0	0	0	0
0	0	0	0	0	0
0	0	0	0	0	0
0	0	0	0	0	0
0	0	0	0	0	0
0	0	0	0	0	0
0	0	0	0	0	0
0	0	0	0	0	0
0	0	0	0	0	0
0	0	0	0	0	0
0	0	0	0	0	0
0	0	0	0	0	0
0	0	0	0	0	0
0	0	0	0	0	0
0	0	0	0	0	0
0	0	0	0	0	0
0	0	0	0	0	0
0	0	0	0	0	0
0	0	0	0	0	0
0	0	0	0	0	0
0	0	0	0	0	0
0	0	0	0	0	0
0	0	0	0	0	0
0	0	0	0	0	0
0	0	0	0	0	0
0	0	0	0	0	0
0	0	0	0	0	0
0	0	0	0	0	0
0	0	0	0	0	0
0	0	0	0	0	0
0	0	0	0	0	0
0	0	0	0	0	0
0	0	0	0	0	0
0	0	0	0	0	0
0	0	0	0	0	0
0	0	0	0	0	0
0	0	0	0	0	0
0	0	0	0	0	0
0	0	0	0	0	0
0	0	0	0	0	0
0	0	0	0	0	0
0	0	0	0	0	0
0	0	0	0	0	0
0	0	0	0	0	0
0	0	0	0	0	0
0	0	0	0	0	0
0	0	0	0	0	0
0	0	0	0	0	0
0	0	0	0	0	0
0	0	0	0	0	0
0	0	0	0	0	0
0	0	0	0	0	0
0	0	0	0	0	0
0	0	0	0	0	0
0	0	0	0	0	0
0	0	0	0	0	0
0	0	0	0	0	0
0	0	0	0	0	0
0	0	0	0	0	0
0	0	0	0	0	0
0	0	0	0	0	0
0	0	0	0	0	0
0	0	0	0	0	0
0	0	0	0	0	0
0	0	0	0	0	0
0	0	0	0	0	0
0	0	0	0	0	0
0	0	0	0	0	0
0	0	0	0	0	0
0	0	0	0	0	0
0	0	0	0	0	0
0	0	0	0	0	0
0	0	0	0	0	0
0	0	0	0	0	0
0	0	0	0	0	0
0	0	0	0	0	0
0	0	0	0	0	0
0	0	0	0	0	0
0	0	0	0	0	0
0	0	0	0	0	0
0	0	0	0	0	0
0	0	0	0	0	0
0	0	0	0	0	0
0	0	0	0	0	0
0	0	0	0	0	0
0	0	0	0	0	0
0	0	0	0	0	0
0	0	0	0	0	0
0	0	0	0	0	0
0	0	0	0	0	0
0	0	0	0	0	0
0	0	0	0	0	0
0	0	0	0	0	0
0	0	0	0	0	0
0	0	0	0	0	0
26	0	0	0	0	0
26	0	0	0	0	0
26	0	0	0	0	0
26	0	0	0	0	0
26	0	0	0	0	0
26	0	0	0	0	0
26	0	0	0	0	0
26	0	0	0	0	0
26	0	0	0	0	0
26	0	0	0	0	0
26	0	0	0	0	0
26	0	0	0	0	0
26	0	0	0	0	0
26	0	0	0	0	0
26	0	0	0	0	0
26	0	0	0	0	0
26	0	0	0	0	0
26	0	0	0	0	0
26	0	0	0	0	0
26	0	0	0	0	0
26	0	0	0	0	0
26	0	0	0	0	0
26	0	0	0	0	0
26	0	0	0	0	0
26	0	0	0	0	0
26	0	0	0	0	0
26	0	0	0	0	0
26	0	0	0	0	0
26	0	0	0	0	0
26	0	0	0	0	0
26	0	0	0	0	0
26	0	0	0	0	0
26	0	0	0	0	0
26	0	0	0	0	0
26	0	0	0	0	0
26	0	0	0	0	0
26	0	0	0	0	0
26	0	0	0	0	0
26	0	0	0	0	0
26	0	0	0	0	0
26	0	0	0	0	0
26	0	0	0	0	0
26	0	0	0	0	0
26	0	0	0	0	0
26	0	0	0	0	0
26	0	0	0	0	0
26	0	0	0	0	0
26	0	0	0	0	0
26	0	0	0	0	0
26	0	0	0	0	0
26	0	0	0	0	0
26	0	0	0	0	0
26	0	0	0	0	0
26	0	0	0	0	0
26	0	0	0	0	0
26	0	0	0	0	0
26	0	0	0	0	0
26	0	0	0	0	0
26	0	0	0	0	0
26	0	0	0	0	0
26	0	0	0	0	0
26	0	0	0	0	0
26	0	0	0	0	0
26	0	0	0	0	0
26	0	0	0	0	0
26	0	0	0	0	0
26	0	0	0	0	0
26	0	0	0	0	0
26	0	0	0	0	0
26	0	0	0	0	0
26	0	0	0	0	0
26	0	0	0	0	0
26	0	0	0	0	0
26	0	0	0	0	0
26	0	0	0	0	0
26	0	0	0	0	0
26	0	0	0	0	0
26	0	0	0	0	0
26	0	0	0	0	0
26	0	0	0	0	0
26	0	0	0	0	0
26	0	0	0	0	0
26	0	0	0	0	0
26	0	0	0	0	0
26	0	0	0	0	0
26	0	0	0	0	0
26	0	0	0	0	0
26	0	0	0	0	0
26	0	0	0	0	0
26	0	0	0	0	0
26	0	0	0	0	0
26	0	0	0	0	0
26	0	0	0	0	0
26	0	0	0	0	0
26	0	0	0	0	0
26	0	0	0	0	0
26	0	0	0	0	0
26	0	0	0	0	0
26	0	0	0	0	0
26	0	0	0	0	0
26	0	0	0	0	0
26	0	0	0	0	0
26	0	0	0	0	0
26	0	0	0	0	0
26	0	0	0	0	0
26	0	0	0	0	0
26	0	0	0	0	0
26	0	0	0	0	0
26	0	0	0	0	0
26	0	0	0	0	0
26	0	0	0	0	0
26	0	0	0	0	0
26	0	0	0	0	0
26	0	0	0	0	0
26	0	0	0	0	0
26	0	0	0	0	0
26	0	0	0	0	0
26	0	0	0	0	0
26	0	0	0	0	0
26	0	0	0	0	0
26	0	0	0	0	0
26	0	0	0	0	0
26	0	0	0	0	0
26	0	0	0	0	0
26	0	0	0	0	0
26	0	0	0	0	0
26	0	0	12	0	0
26	0	0	12	0	0
26	0	0	12	0	0
26	0	0	12	0	0
26	0	0	12	0	0
26	0	0	12	0	0
26	0	0	12	0	0
26	0	0	18	0	0
26	0	0	18	0	0
26	0	0	18	0	0
26	0	0	18	0	0
26	0	0	18	0	0
26	0	0	18	0	0
26	0	0	18	0	0
26	0	0	18	0	0
26	0	0	18	0	0
26	0	0	18	0	0
26	0	0	18	0	0
26	0	0	18	0	0
26	0	0	18	0	0
26	0	0	18	0	0
26	0	0	18	0	0
26	0	0	18	0	0
26	0	0	18	0	0
26	0	0	18	0	0
26	0	0	18	0	0
26	0	0	18	0	0
26	0	0	18	0	0
26	0	0	18	0	0
26	0	0	18	0	0
26	0	0	18	0	0
26	0	0	18	0	0
26	0	0	18	0	0
26	0	0	18	0	0
26	0	0	18	0	0
26	0	0	18	0	0
26	0	0	18	0	0
26	0	0	18	0	0
26	0	0	18	0	0
26	0	0	18	0	0
26	0	0	18	0	0
26	0	0	18	0	0
26	0	0	18	0	0
26	0	0	18	0	0
26	0	0	18	0	0
26	0	0	18	0	0
26	0	0	18	0	0
26	0	0	18	0	0
26	0	0	18	0	0
26	0	0	18	0	0
26	0	0	18	0	0
26	0	0	18	0	0
26	0	0	18	0	0
26	0	0	18	0	0
26	0	0	18	0	0
26	0	0	18	0	0
26	0	0	18	0	0
26	0	0	18	0	0
26	0	0	18	0	0
26	0	0	18	0	0
26	0	0	18	0	0
26	0	0	18	0	0
26	0	0	18	0	0
26	0	0	18	0	0
26	0	0	18	0	0
26	0	0	18	0	0
26	0	0	18	0	0
26	0	0	18	0	0
26	0	0	18	0	0
26	0	0	18	0	0
26	0	0	18	0	0
26	0	0	18	0	0
26	0	0	18	0	0
26	0	0	18	0	0
26	0	0	18	0	0
26	0	0	18	0	0
26	0	0	18	0	0
26	0	0	18	0	0
26	0	0	18	0	0
26	0	0	18	0	0
26	0	0	18	0	0
26	0	0	18	0	0
26	0	0	18	0	0
26	0	0	18	0	0
26	0	0	18	0	0
26	0	0	18	0	0
26	0	0	18	0	0
26	0	0	18	0	0
26	0	0	18	0	0
26	0	0	18	0	0
26	0	0	18	0	0
26	0	0	18	0	0
26	0	0	18	0	0
26	0	0	18	0	0
26	0	0	18	0	0
26	0	0	18	0	0
26	0	0	18	0	0
26	0	0	18	0	0
36	0	0	18	0	0
36	0	0	18	0	0
36	0	0	18	0	0
36	0	0	18	0	0
36	0	0	18	0	0
36	0	0	18	0	0
36	0	0	18	0	0
36	0	0	18	0	0
36	0	0	18	0	0
36	0	0	18	0	0
36	0	0	18	0	0
36	0	0	24	0	0
36	0	0	24	0	0
36	0	0	24	0	0
36	0	0	24	0	0
36	0	0	24	0	0
36	0	0	24	0	0
36	0	0	24	0	0
36	0	0	24	0	0
36	0	0	24	0	0
36	0	0	24	0	0
36	0	0	24	0	0
36	0	0	24	0	0
36	0	0	24	0	0
36	0	0	24	0	0
36	0	0	24	0	0
36	0	0	24	0	0
36	0	0	24	0	0
36	0	0	24	0	0
36	0	0	24	0	0
36	0	0	24	0	0
36	0	0	24	0	0
36	0	0	24	0	0
36	0	0	24	0	0
36	0	0	24	0	0
36	0	0	24	0	0
36	0	0	24	0	0
36	0	0	24	0	0
36	0	0	24	0	0
36	0	0	24	0	0
36	0	0	24	0	0
36	0	0	24	0	0
36	0	0	24	0	0
36	0	0	24	0	0
36	0	0	24	0	0
36	0	0	24	0	0
36	0	0	24	0	0
36	0	0	24	0	0
36	0	0	24	0	0
36	0	0	24	0	0
36	0	0	24	0	0
36	0	0	24	0	0
36	0	0	24	0	0
36	0	0	24	0	0
36	0	0	24	0	0
36	0	0	24	0	0
36	0	0	24	0	0
36	0	0	24	0	0
36	0	0	24	0	0
36	0	0	24	0	0
36	0	0	24	0	0
36	0	0	24	0	0
36	0	0	24	0	0
36	0	0	24	0	0
36	0	0	24	0	0
36	0	0	24	0	0
36	0	0	24	0	0
36	0	0	24	0	0
36	0	0	24	0	0
36	0	0	24	0	0
36	0	0	24	0	0
36	0	0	24	0	0
36	0	0	24	0	0
36	0	0	24	0	0
36	0	0	24	0	0
36	0	0	24	0	0
36	0	0	24	0	0
36	0	0	24	0	0
36	0	0	24	0	0
36	0	0	24	0	0
36	0	0	24	0	0
36	0	0	24	0	0
36	0	0	24	0	0
36	0	0	24	0	0
36	0	0	24	0	0
36	0	0	24	0	0
36	0	0	24	0	0
36	0	0	24	0	0
36	0	0	24	0	0
36	0	0	24	0	0
36	0	0	24	0	0
36	0	0	24	0	0
36	0	0	24	0	0
36	0	0	24	0	0
36	0	0	24	0	0
36	0	0	24	0	0
36	0	0	24	0	0
36	0	0	24	0	0
36	0	0	24	0	0
36	0	0	24	0	0
36	0	0	24	0	0
36	0	0	24	0	0
36	0	0	24	0	0
36	0	0	24	0	0
36	0	0	24	0	0
36	0	0	24	0	0
36	0	0	24	0	0
36	0	0	24	0	0
36	0	0	24	0	0
36	0	0	24	0	0
36	0	0	24	0	0
36	0	0	24	0	0
36	0	0	24	0	0
36	0	0	24	0	0
36	0	0	24	0	0
36	0	0	24	0	0
36	0	0	24	0	0
36	0	0	24	0	0
36	0	0	24	0	0
36	0	0	24	0	0
36	0	0	24	0	0
36	0	0	24	0	0
36	0	0	24	0	0
36	0	0	24	0	0
36	0	0	24	0	0
36	0	0	24	0	0
36	0	0	24	0	0
36	0	0	24	0	0
36	0	0	24	0	0
36	0	0	24	0	0
36	0	0	24	0	0
36	0	0	24	0	0
36	0	0	24	0	0
36	0	0	24	0	0
36	0	0	24	0	0
36	0	0	24	0	0
36	0	0	24	0	0
36	0	0	24	0	0
36	0	0	24	0	0
36	0	0	24	0	0
36	0	0	24	0	0
36	0	0	24	0	0
36	0	0	24	0	0
36	0	0	24	0	0
36	0	0	24	0	0
36	0	0	24	0	0
36	0	0	24	0	0
36	0	0	24	0	0
36	0	0	24	0	0
36	0	0	24	0	0
36	0	0	24	0	0
36	0	0	24	0	0
36	0	0	24	0	0
36	0	0	24	0	0
36	0	0	24	0	0
36	0	0	24	0	0
36	0	0	24	0	0
36	0	0	24	0	0
36	0	0	24	0	0
36	0	0	24	0	0
36	0	0	24	0	0
36	0	0	24	0	0
36	0	0	24	0	0
36	0	0	24	0	0
36	0	0	24	0	0
36	0	0	24	0	0
36	0	0	24	0	0
36	0	0	24	0	0
36	0	0	24	0	0
36	0	0	24	0	0
36	0	0	24	0	0
36	0	0	24	0	0
36	0	0	24	0	0
36	0	0	24	0	0
36	0	0	24	0	0
36	0	0	24	0	0
36	0	0	24	0	0
36	0	0	24	0	0
36	0	0	24	0	0
36	0	0	24	0	0
36	0	0	24	0	0
36	0	0	24	0	0
36	0	0	24	0	0
36	0	0	24	0	0
36	0	0	24	0	0
36	0	0	24	0	0
36	0	0	24	0	0
36	0	0	24	0	0
36	0	0	24	0	0
36	0	0	24	0	0
36	0	0	24	0	0
36	0	0	24	0	0
36	0	0	24	0	0
36	0	0	24	0	0
36	0	0	24	0	0
36	0	0	24	0	0
36	0	0	24	0	0
36	0	0	24	0	0
36	0	0	24	0	0
36	0	0	24	0	0
36	0	0	24	0	0
36	0	0	24	0	0
36	0	0	24	0	0
36	0	0	24	0	0
36	0	0	24	0	0
36	0	0	24	0	0
36	0	0	24	0	0
36	0	0	24	0	0
36	0	0	24	0	0
36	0	0	24	0	0
36	0	0	24	0	0
36	0	0	24	0	0
36	0	0	24	0	0
36	0	0	24	0	0
36	0	0	24	0	0
36	0	0	24	0	0
36	0	0	24	0	0
36	0	0	24	0	0
36	0	0	24	0	0
36	0	0	24	0	0
36	0	0	24	0	0
36	0	0	24	0	0
36	0	0	24	0	0
36	0	0	24	0	0
36	0	0	24	0	0
36	0	0	24	0	0
36	0	0	24	0	0
36	0	0	24	0	0
36	0	0	24	0	0
36	0	0	24	0	0
36	0	0	24	0	0
36	0	0	24	0	0
36	0	0	24	0	0
36	0	0	24	0	0
36	0	0	24	0	0
36	0	0	24	0	0
36	0	0	24	0	0
36	0	0	24	0	0
36	0	0	24	0	0
36	0	0	24	0	0
36	0	0	24	0	0
36	0	0	24	0	0
36	0	0	24	0	0
36	0	0	24	0	0
36	0	0	24	0	0
36	0	0	24	0	0
36	0	0	24	0	0
36	0	0	24	0	0
36	0	0	24	0	0
36	0	0	24	0	0
36	0	0	24	0	0
36	0	0	24	0	0
36	0	0	24	0	0
36	0	0	24	0	0
36	0	0	24	0	0
36	0	0	24	0	0
36	0	0	24	0	0
36	0	0	24	0	0
36	0	0	24	0	0
36	0	0	24	0	0
36	0	0	24	0	0
36	0	0	24	0	0
36	0	0	24	0	0
36	0	0	24	0	0
36	0	0	24	0	0
36	0	0	24	0	0
36	0	0	24	0	0
36	0	0	24	0	0
36	0	0	24	0	0
36	0	0	24	0	0
36	0	0	24	0	0
36	0	0	24	0	0
36	0	0	24	0	0
36	0	0	24	0	0
36	0	0	24	0	0
36	0	0	24	0	0
36	0	0	24	0	0
36	0	0	24	0	0
36	0	0	24	0	0
36	0	0	24	0	0
36	0	0	24	0	0
36	0	0	24	0	0
36	0	0	24	0	0
36	0	0	24	0	0
36	0	0	24	0	0
36	0	0	24	0	0
36	0	0	24	0	0
36	0	0	24	0	0
36	0	0	24	0	0
36	0	0	24	0	0
36	0	0	24	0	0
36	0	0	24	0	0
36	0	0	24	0	0
36	0	0	24	0	0
36	0	0	24	0	0
36	0	0	24	0	0
36	0	0	24	0	0
36	0	0	24	0	0
36	0	0	24	0	0
36	0	0	24	0	0
36	0	0	24	0	0
36	0	0	24	0	0
36	0	0	24	0	0
36	0	0	24	0	0
36	0	0	24	0	0
36	0	0	24	0	0
36	0	0	24	0	0
36	0	0	24	0	0
36	0	0	24	0	0
36	0	0	24	0	0
36	0	0	24	0	0
36	0	0	24	0	0
36	0	0	24	0	0
36	0	0	24	0	0
36	0	0	24	0	0
36	0	0	24	0	0
36	0	0	24	0	0
36	0	0	24	0	0
36	0	0	24	0	0
36	0	0	24	0	0
36	0	0	24	0	0
36	0	0	24	0	0
36	0	0	24	0	0
36	0	0	24	0	0
36	0	0	24	0	0
36	0	0	24	0	0
36	0	0	24	0	0
36	0	0	24	0	0
36	0	0	24	0	0
36	0	0	24	0	0
36	0	0	24	0	0
36	0	0	24	0	0
36	0	0	24	0	0
36	0	0	24	0	0
36	0	0	24	0	0
36	0	0	24	0	0
48	0	0	24	0	0
48	0	0	24	0	0
48	0	0	24	0	0
48	0	0	24	0	0
48	0	0	24	0	0
48	0	0	24	0	0
48	0	0	24	0	0
48	0	0	24	0	0
48	0	0	24	0	0
48	0	0	24	0	0
48	0	0	24	0	0
48	0	0	24	0	0
48	0	0	24	0	0
48	0	0	24	0	0
48	0	0	24	0	0
48	0	0	24	0	0
48	0	0	24	0	0
48	0	0	24	0	0
48	0	0	24	0	0
48	0	0	24	0	0
48	0	0	24	0	0
48	0	0	24	0	0
48	0	0	24	0	0
48	0	0	24	0	0
48	0	0	24	0	0
48	0	0	24	0	0
48	0	0	24	0	0
48	0	0	24	0	0
48	0	0	24	0	0
48	0	0	24	0	0
48	0	0	24	0	0
48	0	0	24	0	0
48	0	0	24	0	0
48	0	0	24	0	0
48	0	0	24	0	0
48	0	0	24	0	0
48	0	0	24	0	0
48	0	0	24	0	0
48	0	0	24	0	0
48	0	0	24	0	0
48	0	0	24	0	0
48	0	0	24	0	0
48	0	0	24	0	0
48	0	0	24	0	0
48	0	0	24	0	0
48	0	0	24	0	0
48	0	0	24	0	0
48	0	0	24	0	0
48	0	0	24	0	0
48	0	0	24	0	0
48	0	0	24	0	0
48	0	0	24	0	0
48	0	0	24	0	0
48	0	0	24	0	0
48	0	0	24	0	0
48	0	0	24	0	0
48	0	0	24	0	0
48	0	0	24	0	0
48	0	0	24	0	0
48	0	0	24	0	0
48	0	0	24	0	0
48	0	0	24	0	0
48	0	0	24	0	0
48	0	0	24	0	0
48	0	0	24	0	0
48	0	0	24	0	0
48	0	0	24	0	0
48	0	0	24	0	0
48	0	0	24	0	0
48	0	0	24	0	0
48	0	0	24	0	0
48	0	0	24	0	0
48	0	0	24	0	0
48	0	0	24	0	0
48	0	0	24	0	0
48	0	0	24	0	0
48	0	0	24	0	0
48	0	0	34	0	0
48	0	0	34	0	0
48	0	0	34	0	0
48	0	0	34	0	0
48	0	0	34	0	0
48	0	0	34	0	0
48	0	0	34	0	0
48	0	0	34	0	0
48	0	0	34	0	0
48	0	0	34	0	0
48	0	0	34	0	0
48	0	0	34	0	0
48	0	0	34	0	0
48	0	0	34	0	0
48	0	0	34	0	0
48	0	0	34	0	0
48	0	0	34	0	0
48	0	0	34	0	0
48	0	0	34	0	0
48	0	0	34	0	0
48	0	0	34	0	0
48	0	0	34	0	0
48	0	0	34	0	0
48	0	0	34	0	0
48	0	0	34	0	0
48	0	0	34	0	0
48	0	0	34	0	0
48	0	0	34	0	0
48	0	0	34	0	0
48	0	0	34	0	0
48	0	0	34	0	0
48	0	0	34	0	0
48	0	0	34	0	0
48	0	0	34	0	0
48	0	0	34	0	0
48	0	0	34	0	0
48	0	0	34	0	0
48	0	0	34	0	0
48	0	0	34	0	0
48	0	0	34	0	0
48	0	0	34	0	0
48	0	0	34	0	0
48	0	0	34	0	0
48	0	0	34	0	0
48	0	0	34	0	0
48	0	0	34	0	0
48	0	0	34	0	0
48	0	0	34	0	0
48	0	0	34	0	0
48	0	0	34	0	0
48	0	0	34	0	0
48	0	0	34	0	0
48	0	0	34	0	0
48	0	0	34	0	0
48	0	0	34	0	0
48	0	0	34	0	0
48	0	0	34	0	0
48	0	0	34	0	0
48	0	0	34	0	0
48	0	0	34	0	0
48	0	0	34	0	0
48	0	0	34	0	0
48	0	0	34	0	0
48	0	0	34	0	0
48	0	0	34	0	0
48	0	0	34	0	0
48	0	0	34	0	0
48	0	0	34	0	0
48	0	0	34	0	0
48	0	0	34	0	0
48	0	0	34	0	0
48	0	0	34	0	0
48	0	0	34	0	0
48	0	0	34	0	0
48	0	0	34	0	0
48	0	0	34	0	0
48	0	0	34	0	0
48	0	0	34	0	0
48	0	0	34	0	0
48	0	0	34	0	0
48	0	0	34	0	0
48	0	0	34	0	0
48	0	0	34	0	0
48	0	0	34	0	0
48	0	0	34	0	0
48	0	0	34	0	0
48	0	0	34	0	0
48	0	0	34	0	0
48	0	0	34	0	0
48	0	0	34	0	0
48	0	0	34	0	0
48	0	0	34	0	0
48	0	0	34	0	0
48	0	0	34	0	0
48	0	0	34	0	0
48	0	0	34	0	0
48	0	0	34	0	0
48	0	0	34	0	0
48	0	0	34	0	0
48	0	0	34	0	0
48	0	0	34	0	0
48	0	0	34	0	0
48	0	0	34	0	0
48	0	0	34	0	0
48	0	0	34	0	0
48	0	0	34	0	0
48	0	0	34	0	0
48	0	0	34	0	0
48	0	0	34	0	0
48	0	0	34	0	0
48	0	0	34	0	0
48	0	0	34	0	0
26	0	0	34	0	0
12	0	0	34	0	0
12	0	0	34	0	0
12	0	0	34	0	0
12	0	0	34	0	0
12	0	0	34	0	0
12	0	0	34	0	0
12	0	0	34	0	0
12	0	0	34	0	0
12	0	0	34	0	0
12	0	0	34	0	0
12	0	0	34	0	0
12	0	0	34	0	0
12	0	0	34	0	0
12	0	0	34	0	0
12	0	0	34	0	0
12	0	0	34	0	0
12	0	0	34	0	0
12	0	0	34	0	0
12	0	0	34	0	0
12	0	0	34	0	0
12	0	0	34	0	0
12	0	0	34	0	0
12	0	0	34	0	0
12	0	0	34	0	0
12	0	0	34	0	0
12	0	0	34	0	0
12	0	0	34	0	0
12	0	0	34	0	0
12	0	0	34	0	0
12	0	0	34	0	0
12	0	0	34	0	0
12	0	0	34	0	0
12	0	0	34	0	0
12	0	0	34	0	0
12	0	0	34	0	0
12	0	0	34	0	0
12	0	0	34	0	0
12	0	0	34	0	0
12	0	0	34	0	0
0	0	0	34	0	0
0	0	0	34	0	0
0	0	0	34	0	0
0	0	0	34	0	0
0	0	0	34	0	0
0	0	0	34	0	0
0	0	0	34	0	0
0	0	0	34	0	0
0	0	0	34	0	0
0	0	0	46	0	0
0	0	0	46	0	0
0	0	0	46	0	0
0	0	0	46	0	0
0	0	0	46	0	0
0	0	0	46	0	0
0	0	0	46	0	0
0	0	0	46	0	0
0	0	0	46	0	0
0	0	0	46	0	0
0	0	0	46	0	0
0	0	0	46	0	0
0	0	0	46	0	0
0	0	0	46	0	0
0	0	0	46	0	0
0	0	0	46	0	0
0	0	0	46	0	0
0	0	0	46	0	0
0	0	0	46	0	0
0	0	0	46	0	0
0	0	0	46	0	0
0	0	0	46	0	0
0	0	0	46	0	0
0	0	0	46	0	0
0	0	0	46	0	0
0	0	0	56	0	0
0	0	0	56	0	0
0	0	0	56	0	0
0	0	0	56	0	0
0	0	0	56	0	0
0	0	0	56	0	0
0	0	0	56	0	0
0	0	0	56	0	0
0	0	0	56	0	0
0	0	0	56	0	0
0	0	0	56	0	0
0	0	0	56	0	0
0	0	0	56	0	0
0	0	0	56	0	0
0	0	0	56	0	0
0	0	0	56	0	0
0	0	0	56	0	0
0	0	0	56	0	0
0	0	0	56	0	0
0	0	0	56	0	0
0	0	0	56	0	0
0	0	0	56	0	0
0	0	0	86	0	0
0	0	0	86	0	0
0	0	0	86	0	0
0	0	0	86	0	0
0	0	0	86	0	0
0	0	0	86	0	0
0	0	0	86	0	0
0	0	0	86	0	0
0	0	0	86	0	0
0	0	0	86	0	0
0	0	0	86	0	0
0	0	0	86	0	0
0	0	0	86	0	0
0	0	0	86	0	0
0	0	0	86	0	0
0	0	0	86	0	0
0	0	0	86	0	0
0	0	0	86	0	0
0	0	0	86	0	0
0	0	0	86	0	0
0	0	0	86	0	0
0	0	0	86	0	0
0	0	0	86	0	0
0	0	0	86	0	0
0	0	0	86	0	0
0	0	0	86	0	0
0	0	0	86	0	0
0	0	0	100	0	0
0	0	0	100	0	0
0	0	0	100	0	0
0	0	0	100	0	0
0	0	0	100	0	0
0	0	0	100	0	0
0	0	0	100	0	0
0	0	0	100	0	0
0	0	0	100	0	0
0	0	0	100	0	0
0	0	0	100	0	0
0	0	0	100	0	0
0	0	0	100	0	0
0	0	0	100	0	0
0	0	0	100	0	0
0	0	0	100	0	0
0	0	0	100	0	0
0	0	0	100	0	0
0	0	0	100	0	0
0	0	0	100	0	0
0	0	0	100	0	0
0	0	0	100	0	0
0	0	0	100	0	0
0	0	0	100	0	0
0	0	0	100	0	0
0	0	0	100	0	0
0	0	0	100	0	0
0	0	0	100	0	0
0	0	0	100	0	0
0	0	0	100	0	0
0	0	0	100	0	0
0	0	0	100	0	0
0	0	0	100	0	0
0	0	0	100	0	0
0	0	0	100	0	0
0	0	0	100	0	0
0	0	0	100	0	0
0	0	0	100	0	0
0	0	0	100	0	0
0	0	0	100	0	0
0	0	0	100	0	0
0	0	0	100	0	0
0	0	0	100	0	0
0	0	0	100	0	0
0	0	0	100	0	0
0	0	0	100	0	0
22	0	0	100	0	0
22	0	0	100	0	0
22	0	0	100	0	0
22	0	0	100	0	0
22	0	0	100	0	0
22	0	0	100	0	0
22	0	0	100	0	0
22	0	0	100	0	0
22	0	0	100	0	0
38	0	0	100	0	0
38	0	0	100	0	0
38	0	0	100	0	0
38	0	0	100	0	0
38	0	0	100	0	0
38	0	0	100	0	0
38	0	0	100	0	0
38	0	0	100	0	0
38	0	0	100	0	0
38	0	0	100	0	0
38	0	0	100	0	0
38	0	0	100	0	0
38	0	0	100	0	0
38	0	0	100	0	0
38	0	0	100	0	0
38	0	0	100	0	0
38	0	0	100	0	0
46	0	0	100	0	0
46	0	0	100	0	0
46	0	0	100	0	0
46	0	0	100	0	0
46	0	0	100	0	0
46	0	0	100	0	0
46	0	0	100	0	0
46	0	0	100	0	0
46	0	0	100	0	0
46	0	0	100	0	0
46	0	0	100	0	0
46	0	0	100	0	0
46	0	0	100	0	0
46	0	0	100	0	0
46	0	0	100	0	0
46	0	0	100	0	0
46	0	0	100	0	0
46	0	0	100	0	0
46	0	0	100	0	0
46	0	0	100	0	0
46	0	0	100	0	0
46	0	0	100	0	0
46	0	0	100	0	0
46	0	0	100	0	0
46	0	0	100	0	0
46	0	0	100	0	0
46	0	0	100	0	0
46	0	0	100	0	0
46	0	0	100	0	0
46	0	0	100	0	0
46	0	0	100	0	0
46	0	0	100	0	0
46	0	0	100	0	0
46	0	0	100	0	0
46	0	0	100	0	0
46	0	0	100	0	0
46	0	0	100	0	0
46	0	0	100	0	0
46	0	0	100	0	0
46	0	0	100	0	0
46	0	0	100	0	0
46	0	0	100	0	0
46	0	0	100	0	0
46	0	0	100	0	0
46	0	0	100	0	0
46	0	0	100	0	0
46	0	0	100	0	0
46	0	0	100	0	0
46	0	0	100	0	0
46	0	0	100	0	0
46	0	0	100	0	0
46	0	0	100	0	0
46	0	0	100	0	0
46	0	0	100	0	0
46	0	0	100	0	0
46	0	0	100	0	0
46	0	0	100	0	0
46	0	0	100	0	0
46	0	0	100	0	0
46	0	0	100	0	0
46	0	0	100	0	0
46	0	0	100	0	0
46	0	0	100	0	0
46	0	0	100	0	0
46	0	0	100	0	0
46	0	0	100	0	0
46	0	0	100	0	0
46	0	0	100	0	0
46	0	0	100	0	0
46	0	0	100	0	0
46	0	0	100	0	0
46	0	0	100	0	0
46	0	0	100	0	0
46	0	0	100	0	0
46	0	0	100	0	0
46	0	0	100	0	0
46	0	0	100	0	0
46	0	0	100	0	0
46	0	0	100	0	0
46	0	0	100	0	0
46	0	0	100	0	0
46	0	0	100	0	0
46	0	0	100	0	0
46	0	0	100	0	0
46	0	0	100	0	0
46	0	0	100	0	0
46	0	0	100	0	0
46	0	0	100	0	0
46	0	0	100	0	0
46	0	0	100	0	0
46	0	0	100	0	0
46	0	0	100	0	0
46	0	0	100	0	0
46	0	0	100	0	0
46	0	0	100	0	0
46	0	0	100	0	0
46	0	0	100	0	0
46	0	0	100	0	0
46	0	0	100	0	0
46	0	0	100	0	0
46	0	0	100	0	0
46	0	0	100	0	0
46	0	0	100	0	0
46	0	0	100	0	0
46	0	0	100	0	0
46	0	0	100	0	0
46	0	0	100	0	0
46	0	0	100	0	0
46	0	0	100	0	0
46	0	0	100	0	0
46	0	0	100	0	0
46	0	0	100	0	0
46	0	0	100	0	0
46	0	0	100	0	0
46	0	0	100	0	0
46	0	0	100	0	0
46	0	0	100	0	0
46	0	0	100	0	0
46	0	0	100	0	0
46	0	0	100	0	0
46	0	0	100	0	0
46	0	0	100	0	0
46	0	0	100	0	0
46	0	0	100	0	0
46	0	0	100	0	0
46	0	0	100	0	0
46	0	0	100	0	0
46	0	0	100	0	0
46	0	0	100	0	0
46	0	0	100	0	0
46	0	0	100	0	0
46	0	0	100	0	0
46	0	0	100	0	0
46	0	0	100	0	0
46	0	0	100	0	0
46	0	0	100	0	0
46	0	0	100	0	0
46	0	0	100	0	0
46	0	0	100	0	0
46	0	0	100	0	0
20	0	0	100	0	0
20	0	0	100	0	0
20	0	0	100	0	0
20	0	0	100	0	0
20	0	0	100	0	0
20	0	0	100	0	0
20	0	0	100	0	0
20	0	0	100	0	0
20	0	0	100	0	0
20	0	0	100	0	0
20	0	0	100	0	0
20	0	0	100	0	0
20	0	0	100	0	0
20	0	0	100	0	0
20	0	0	100	0	0
20	0	0	100	0	0
20	0	0	100	0	0
20	0	0	100	0	0
20	0	0	100	0	0
20	0	0	100	0	0
20	0	0	100	0	0
20	0	0	100	0	0
20	0	0	100	0	0
20	0	0	100	0	0
20	0	0	100	0	0
20	0	0	100	0	0
20	0	0	100	0	0
20	0	0	100	0	0
20	0	0	100	0	0
20	0	0	100	0	0
20	0	0	100	0	0
20	0	0	100	0	0
20	0	0	100	0	0
20	0	0	100	0	0
20	0	0	100	0	0
20	0	0	100	0	0
20	0	0	100	0	0
20	0	0	100	0	0
20	0	0	100	0	0
20	0	0	100	0	0
20	0	0	100	0	0
20	0	0	100	0	0
20	0	0	100	0	0
20	0	0	100	0	0
20	0	0	100	0	0
20	0	0	100	0	0
20	0	0	100	0	0
20	0	0	100	0	0
20	0	0	100	0	0
20	0	0	100	0	0
20	0	0	100	0	0
20	0	0	100	0	0
20	0	0	100	0	0
20	0	0	100	0	0
20	0	0	100	0	0
20	0	0	100	0	0
20	0	0	100	0	0
20	0	0	100	0	0
20	0	0	100	0	0
20	0	0	100	0	0
20	0	0	100	0	0
20	0	0	100	0	0
20	0	0	100	0	0
20	0	0	100	0	0
20	0	0	100	0	0
20	0	0	100	0	0
20	0	0	100	0	0
20	0	0	100	0	0
20	0	0	100	0	0
20	0	0	100	0	0
20	0	0	100	0	0
20	0	0	100	0	0
20	0	0	100	0	0
20	0	0	100	0	0
20	0	0	100	0	0
20	0	0	100	0	0
20	0	0	100	0	0
20	0	0	100	0	0
20	0	0	100	0	0
20	0	0	100	0	0
20	0	0	100	0	0
20	0	0	100	0	0
20	0	0	100	0	0
20	0	0	100	0	0
26	0	0	100	0	0
26	0	0	100	0	0
26	0	0	100	0	0
26	0	0	100	0	0
26	0	0	100	0	0
26	0	0	100	0	0
26	0	0	100	0	0
26	0	0	100	0	0
26	0	0	100	0	0
26	0	0	100	0	0
26	0	0	100	0	0
26	0	0	100	0	0
26	0	0	100	0	0
26	0	0	100	0	0
28	0	0	100	0	0
28	0	0	100	0	0
28	0	0	100	0	0
28	0	0	100	0	0
28	0	0	100	0	0
28	0	0	100	0	0
28	0	0	100	0	0
28	0	0	100	0	0
28	0	0	100	0	0
28	0	0	100	0	0
28	0	0	100	0	0
28	0	0	100	0	0
28	0	0	100	0	0
36	0	0	100	0	0
36	0	0	100	0	0
36	0	0	100	0	0
36	0	0	100	0	0
36	0	0	100	0	0
36	0	0	100	0	0
36	0	0	100	0	0
36	0	0	100	0	0
36	0	0	100	0	0
36	0	0	100	0	0
36	0	0	100	0	0
36	0	0	100	0	0
36	0	0	100	0	0
36	0	0	100	0	0
36	0	0	100	0	0
36	0	0	100	0	0
36	0	0	100	0	0
36	0	0	100	0	0
36	0	0	100	0	0
36	0	0	100	0	0
36	0	0	100	0	0
36	0	0	100	0	0
36	0	0	92	0	0
36	0	0	92	0	0
36	0	0	92	0	0
36	0	0	92	0	0
36	0	0	92	0	0
36	0	0	92	0	0
36	0	0	92	0	0
36	0	0	92	0	0
36	0	0	92	0	0
36	0	0	92	0	0
36	0	0	92	0	0
36	0	0	92	0	0
36	0	0	92	0	0
36	0	0	92	0	0
36	0	0	92	0	0
36	0	0	92	0	0
36	0	0	92	0	0
36	0	0	92	0	0
36	0	0	92	0	0
36	0	0	92	0	0
36	0	0	92	0	0
36	0	0	92	0	0
36	0	0	92	0	0
36	0	0	92	0	0
36	0	0	92	0	0
36	0	0	92	0	0
36	0	0	92	0	0
36	0	0	92	0	0
36	0	0	92	0	0
36	0	0	92	0	0
36	0	0	92	0	0
36	0	0	92	0	0
36	0	0	92	0	0
36	0	0	92	0	0
36	0	0	92	0	0
36	0	0	92	0	0
36	0	0	92	0	0
36	0	0	92	0	0
36	0	0	92	0	0
36	0	0	92	0	0
36	0	0	92	0	0
36	0	0	92	0	0
36	0	0	92	0	0
36	0	0	92	0	0
36	0	0	92	0	0
36	0	0	92	0	0
36	0	0	92	0	0
36	0	0	92	0	0
36	0	0	92	0	0
36	0	0	92	0	0
36	0	0	92	0	0
36	0	0	92	0	0
36	0	0	92	0	0
36	0	0	92	0	0
36	0	0	92	0	0
36	0	0	92	0	0
36	0	0	92	0	0
36	0	0	92	0	0
36	0	0	92	0	0
36	0	0	92	0	0
36	0	0	92	0	0
36	0	0	92	0	0
36	0	0	92	0	0
36	0	0	92	0	0
36	0	0	92	0	0
36	0	0	92	0	0
36	0	0	92	0	0
36	0	0	92	0	0
36	0	0	92	0	0
36	0	0	92	0	0
36	0	0	92	0	0
36	0	0	92	0	0
36	0	0	92	0	0
36	0	0	92	0	0
36	0	0	92	0	0
36	0	0	92	0	0
36	0	0	92	0	0
36	0	0	92	0	0
44	0	0	92	0	0
44	0	0	92	0	0
44	0	0	92	0	0
44	0	0	92	0	0
44	0	0	92	0	0
44	0	0	92	0	0
44	0	0	92	0	0
44	0	0	92	0	0
44	0	0	92	0	0
44	0	0	92	0	0
44	0	0	92	0	0
44	0	0	92	0	0
44	0	0	92	0	0
44	0	0	92	0	0
44	0	0	92	0	0
44	0	0	92	0	0
44	0	0	92	0	0
44	0	0	92	0	0
44	0	0	92	0	0
44	0	0	92	0	0
44	0	0	92	0	0
44	0	0	92	0	0
44	0	0	92	0	0
44	0	0	92	0	0
44	0	0	92	0	0
44	0	0	92	0	0
44	0	0	92	0	0
44	0	0	92	0	0
44	0	0	92	0	0
44	0	0	92	0	0
44	0	0	92	0	0
44	0	0	92	0	0
44	0	0	92	0	0
44	0	0	92	0	0
44	0	0	92	0	0
44	0	0	92	0	0
44	0	0	92	0	0
44	0	0	92	0	0
44	0	0	92	0	0
44	0	0	92	0	0
44	0	0	92	0	0
44	0	0	92	0	0
44	0	0	92	0	0
44	0	0	92	0	0
44	0	0	92	0	0
44	0	0	92	0	0
44	0	0	92	0	0
44	0	0	92	0	0
44	0	0	92	0	0
44	0	0	92	0	0
44	0	0	92	0	0
44	0	0	92	0	0
44	0	0	92	0	0
44	0	0	92	0	0
44	0	0	92	0	0
44	0	0	92	0	0
44	0	0	92	0	0
44	0	0	92	0	0
44	0	0	92	0	0
44	0	0	92	0	0
44	0	0	92	0	0
44	0	0	92	0	0
44	0	0	92	0	0
44	0	0	92	0	0
44	0	0	92	0	0
44	0	0	92	0	0
44	0	0	92	0	0
44	0	0	92	0	0
44	0	0	92	0	0
44	0	0	92	0	0
44	0	0	92	0	0
44	0	0	92	0	0
44	0	0	92	0	0
44	0	0	92	0	0
44	0	0	92	0	0
44	0	0	92	0	0
44	0	0	92	0	0
44	0	0	92	0	0
44	0	0	92	0	0
44	0	0	92	0	0
44	0	0	92	0	0
44	0	0	92	0	0
44	0	0	92	0	0
44	0	0	92	0	0
44	0	0	92	0	0
44	0	0	92	0	0
44	0	0	92	0	0
44	0	0	92	0	0
44	0	0	92	0	0
44	0	0	92	0	0
44	0	0	92	0	0
44	0	0	92	0	0
44	0	0	92	0	0
44	0	0	92	0	0
44	0	0	92	0	0
44	0	0	92	0	0
44	0	0	92	0	0
44	0	0	92	0	0
44	0	0	92	0	0
44	0	0	92	0	0
44	0	0	92	0	0
44	0	0	92	0	0
44	0	0	92	0	0
44	0	0	92	0	0
44	0	0	92	0	0
44	0	0	92	0	0
44	0	0	92	0	0
44	0	0	92	0	0
44	0	0	92	0	0
44	0	0	92	0	0
44	0	0	92	0	0
44	0	0	92	0	0
44	0	0	92	0	0
44	0	0	92	0	0
44	0	0	92	0	0
44	0	0	92	0	0
44	0	0	92	0	0
44	0	0	92	0	0
44	0	0	92	0	0
44	0	0	92	0	0
44	0	0	92	0	0
44	0	0	92	0	0
44	0	0	92	0	0
44	0	0	92	0	0
44	0	0	92	0	0
44	0	0	92	0	0
44	0	0	92	0	0
44	0	0	92	0	0
44	0	0	92	0	0
44	0	0	92	0	0
44	0	0	92	0	0
44	0	0	92	0	0
44	0	0	92	0	0
44	0	0	92	0	0
44	0	0	92	0	0
44	0	0	92	0	0
44	0	0	92	0	0
44	0	0	92	0	0
44	0	0	92	0	0
44	0	0	92	0	0
44	0	0	92	0	0
44	0	0	92	0	0
44	0	0	92	0	0
44	0	0	92	0	0
44	0	0	92	0	0
44	0	0	92	0	0
44	0	0	92	0	0
44	0	0	92	0	0
44	0	0	92	0	0
44	0	0	92	0	0
44	0	0	92	0	0
44	0	0	92	0	0
44	0	0	92	0	0
44	0	0	92	0	0
44	0	0	92	0	0
44	0	0	92	0	0
44	0	0	92	0	0
44	0	0	92	0	0
44	0	0	92	0	0
44	0	0	92	0	0
44	0	0	92	0	0
44	0	0	92	0	0
44	0	0	92	0	0
44	0	0	92	0	0
44	0	0	92	0	0
44	0	0	92	0	0
44	0	0	92	0	0
44	0	0	92	0	0
44	0	0	92	0	0
44	0	0	92	0	0
44	0	0	92	0	0
44	0	0	92	0	0
44	0	0	92	0	0
44	0	0	92	0	0
44	0	0	92	0	0
44	0	0	92	0	0
44	0	0	92	0	0
44	0	0	92	0	0
44	0	0	92	0	0
44	0	0	92	0	0
44	0	0	92	0	0
44	0	0	92	0	0
44	0	0	92	0	0
44	0	0	92	0	0
44	0	0	92	0	0
44	0	0	92	0	0
44	0	0	92	0	0
44	0	0	92	0	0
44	0	0	92	0	0
44	0	0	92	0	0
44	0	0	92	0	0
44	0	0	92	0	0
44	0	0	92	0	0
44	0	0	92	0	0
44	0	0	92	0	0
44	0	0	92	0	0
44	0	0	92	0	0
44	0	0	92	0	0
44	0	0	92	0	0
44	0	0	92	0	0
44	0	0	92	0	0
44	0	0	92	0	0
44	0	0	92	0	0
44	0	0	92	0	0
44	0	0	92	0	0
44	0	0	92	0	0
44	0	0	92	0	0
44	0	0	92	0	0
44	0	0	92	0	0
44	0	0	92	0	0
44	0	0	92	0	0
44	0	0	92	0	0
44	0	0	92	0	0
44	0	0	92	0	0
44	0	0	92	0	0
44	0	0	92	0	0
44	0	0	92	0	0
44	0	0	92	0	0
44	0	0	92	0	0
44	0	0	92	0	0
44	0	0	92	0	0
44	0	0	92	0	0
44	0	0	92	0	0
44	0	0	92	0	0
44	0	0	92	0	0
44	0	0	92	0	0
44	0	0	92	0	0
44	0	0	92	0	0
44	0	0	92	0	0
44	0	0	92	0	0
44	0	0	92	0	0
44	0	0	92	0	0
44	0	0	92	0	0
44	0	0	92	0	0
44	0	0	92	0	0
44	0	0	92	0	0
44	0	0	92	0	0
44	0	0	92	0	0
44	0	0	92	0	0
44	0	0	92	0	0
44	0	0	92	0	0
44	0	0	92	0	0
44	0	0	92	0	0
44	0	0	92	0	0
44	0	0	92	0	0
44	0	0	92	0	0
44	0	0	92	0	0
44	0	0	92	0	0
44	0	0	92	0	0
44	0	0	92	0	0
44	0	0	92	0	0
44	0	0	92	0	0
44	0	0	92	0	0
44	0	0	92	0	0
44	0	0	92	0	0
44	0	0	92	0	0
44	0	0	92	0	0
44	0	0	92	0	0
44	0	0	92	0	0
44	0	0	92	0	0
44	0	0	92	0	0
44	0	0	92	0	0
44	0	0	100	0	0
44	0	0	100	0	0
44	0	0	100	0	0
44	0	0	100	0	0
44	0	0	100	0	0
44	0	0	100	0	0
44	0	0	100	0	0
44	0	0	100	0	0
44	0	0	100	0	0
44	0	0	100	0	0
44	0	0	100	0	0
44	0	0	100	0	0
44	0	0	100	0	0
44	0	0	100	0	0
44	0	0	100	0	0
44	0	0	100	0	0
44	0	0	100	0	0
44	0	0	100	0	0
44	0	0	100	0	0
44	0	0	100	0	0
44	0	0	100	0	0
44	0	0	100	0	0
44	0	0	100	0	0
44	0	0	100	0	0
44	0	0	100	0	0
44	0	0	100	0	0
44	0	0	100	0	0
44	0	0	100	0	0
44	0	0	100	0	0
44	0	0	100	0	0
44	0	0	100	0	0
44	0	0	100	0	0
44	0	0	100	0	0
44	0	0	100	0	0
44	0	0	100	0	0
44	0	0	100	0	0
44	0	0	100	0	0
44	0	0	100	0	0
44	0	0	100	0	0
36	0	0	100	0	0
36	0	0	100	0	0
36	0	0	100	0	0
36	0	0	100	0	0
36	0	0	100	0	0
36	0	0	100	0	0
36	0	0	100	0	0
36	0	0	100	0	0
36	0	0	100	0	0
36	0	0	100	0	0
36	0	0	100	0	0
36	0	0	100	0	0
36	0	0	100	0	0
36	0	0	100	0	0
36	0	0	100	0	0
36	0	0	100	0	0
36	0	0	100	0	0
36	0	0	100	0	0
36	0	0	100	0	0
36	0	0	100	0	0
36	0	0	100	0	0
36	0	0	100	0	0
36	0	0	100	0	0
36	0	0	100	0	0
36	0	0	100	0	0
36	0	0	100	0	0
36	0	0	100	0	0
36	0	0	100	0	0
36	0	0	100	0	0
36	0	0	100	0	0
36	0	0	100	0	0
36	0	0	100	0	0
36	0	0	100	0	0
36	0	0	100	0	0
36	0	0	100	0	0
36	0	0	100	0	0
36	0	0	100	0	0
36	0	0	100	0	0
36	0	0	100	0	0
36	0	0	100	0	0
36	0	0	100	0	0
36	0	0	100	0	0
36	0	0	100	0	0
36	0	0	100	0	0
36	0	0	100	0	0
36	0	0	100	0	0
36	0	0	100	0	0
36	0	0	100	0	0
36	0	0	100	0	0
36	0	0	100	0	0
44	0	0	100	0	0
44	0	0	100	0	0
44	0	0	100	0	0
44	0	0	100	0	0
44	0	0	100	0	0
44	0	0	100	0	0
44	0	0	100	0	0
44	0	0	100	0	0
44	0	0	100	0	0
44	0	0	100	0	0
44	0	0	100	0	0
44	0	0	100	0	0
44	0	0	100	0	0
44	0	0	100	0	0
44	0	0	100	0	0
44	0	0	100	0	0
44	0	0	100	0	0
44	0	0	100	0	0
44	0	0	100	0	0
44	0	0	100	0	0
44	0	0	100	0	0
44	0	0	100	0	0
44	0	0	100	0	0
44	0	0	100	0	0
44	0	0	100	0	0
44	0	0	100	0	0
44	0	0	100	0	0
44	0	0	100	0	0
44	0	0	100	0	0
44	0	0	100	0	0
44	0	0	100	0	0
44	0	0	100	0	0
44	0	0	100	0	0
44	0	0	100	0	0
44	0	0	100	0	0
44	0	0	100	0	0
44	0	0	100	0	0
44	0	0	100	0	0
44	0	0	100	0	0
44	0	0	100	0	0
44	0	0	100	0	0
44	0	0	100	0	0
44	0	0	100	0	0
44	0	0	100	0	0
44	0	0	100	0	0
44	0	0	100	0	0
44	0	0	100	0	0
44	0	0	100	0	0
44	0	0	100	0	0
44	0	0	100	0	0
44	0	0	100	0	0
44	0	0	100	0	0
44	0	0	100	0	0
44	0	0	100	0	0
44	0	0	100	0	0
44	0	0	100	0	0
44	0	0	100	0	0
44	0	0	100	0	0
44	0	0	100	0	0
44	0	0	100	0	0
44	0	0	100	0	0
44	0	0	100	0	0
44	0	0	100	0	0
44	0	0	100	0	0
44	0	0	100	0	0
44	0	0	100	0	0
44	0	0	100	0	0
44	0	0	100	0	0
44	0	0	100	0	0
44	0	0	100	0	0
44	0	0	100	0	0
44	0	0	100	0	0
44	0	0	100	0	0
44	0	0	100	0	0
44	0	0	100	0	0
44	0	0	100	0	0
44	0	0	100	0	0
44	0	0	100	0	0
44	0	0	100	0	0
44	0	0	100	0	0
44	0	0	100	0	0
44	0	0	100	0	0
44	0	0	100	0	0
44	0	0	100	0	0
44	0	0	100	0	0
44	0	0	100	0	0
44	0	0	100	0	0
44	0	0	100	0	0
44	0	0	100	0	0
44	0	0	100	0	0
44	0	0	100	0	0
44	0	0	100	0	0
44	0	0	100	0	0
44	0	0	100	0	0
44	0	0	100	0	0
44	0	0	100	0	0
44	0	0	100	0	0
44	0	0	100	0	0
44	0	0	100	0	0
44	0	0	100	0	0
44	0	0	100	0	0
44	0	0	100	0	0
44	0	0	100	0	0
44	0	0	100	0	0
44	0	0	100	0	0
44	0	0	100	0	0
44	0	0	100	0	0
44	0	0	100	0	0
44	0	0	100	0	0
44	0	0	100	0	0
44	0	0	100	0	0
44	0	0	100	0	0
44	0	0	100	0	0
44	0	0	100	0	0
44	0	0	100	0	0
44	0	0	100	0	0
44	0	0	100	0	0
44	0	0	100	0	0
44	0	0	100	0	0
44	0	0	100	0	0
44	0	0	100	0	0
44	0	0	100	0	0
44	0	0	100	0	0
44	0	0	100	0	0
44	0	0	100	0	0
44	0	0	100	0	0
44	0	0	100	0	0
44	0	0	100	0	0
44	0	0	100	0	0
44	0	0	100	0	0
44	0	0	100	0	0
44	0	0	100	0	0
44	0	0	100	0	0
44	0	0	100	0	0
44	0	0	100	0	0
44	0	0	100	0	0
44	0	0	100	0	0
44	0	0	100	0	0
44	0	0	100	0	0
44	0	0	100	0	0
44	0	0	100	0	0
44	0	0	100	0	0
44	0	0	100	0	0
44	0	0	100	0	0
44	0	0	100	0	0
44	0	0	100	0	0
44	0	0	100	0	0
44	0	0	100	0	0
44	0	0	100	0	0
44	0	0	100	0	0
44	0	0	100	0	0
44	0	0	100	0	0
44	0	0	100	0	0
44	0	0	100	0	0
44	0	0	100	0	0
44	0	0	100	0	0
44	0	0	100	0	0
44	0	0	100	0	0
8	0	0	100	0	0
8	0	0	100	0	0
8	0	0	100	0	0
8	0	0	100	0	0
8	0	0	100	0	0
8	0	0	100	0	0
8	0	0	100	0	0
8	0	0	100	0	0
8	0	0	100	0	0
8	0	0	100	0	0
8	0	0	100	0	0
8	0	0	100	0	0
8	0	0	100	0	0
8	0	0	100	0	0
8	0	0	100	0	0
8	0	0	100	0	0
8	0	0	100	0	0
8	0	0	100	0	0
8	0	0	100	0	0
8	0	0	100	0	0
8	0	0	100	0	0
8	0	0	100	0	0
8	0	0	100	0	0
8	0	0	100	0	0
8	0	0	100	0	0
8	0	0	100	0	0
8	0	0	100	0	0
8	0	0	100	0	0
8	0	0	100	0	0
8	0	0	100	0	0
8	0	0	100	0	0
8	0	0	100	0	0
8	0	0	100	0	0
8	0	0	100	0	0
8	0	0	100	0	0
8	0	0	100	0	0
8	0	0	100	0	0
8	0	0	100	0	0
8	0	0	100	0	0
8	0	0	100	0	0
8	0	0	100	0	0
8	0	0	100	0	0
8	0	0	100	0	0
8	0	0	100	0	0
8	0	0	100	0	0
8	0	0	100	0	0
8	0	0	100	0	0
8	0	0	100	0	0
8	0	0	100	0	0
8	0	0	100	0	0
8	0	0	100	0	0
8	0	0	100	0	0
8	0	0	100	0	0
8	0	0	100	0	0
8	0	0	100	0	0
8	0	0	100	0	0
8	0	0	100	0	0
8	0	0	100	0	0
8	0	0	100	0	0
8	0	0	100	0	0
8	0	0	100	0	0
8	0	0	100	0	0
8	0	0	100	0	0
8	0	0	100	0	0
8	0	0	100	0	0
8	0	0	100	0	0
8	0	0	100	0	0
8	0	0	100	0	0
8	0	0	100	0	0
8	0	0	100	0	0
8	0	0	100	0	0
8	0	0	100	0	0
8	0	0	100	0	0
8	0	0	100	0	0
8	0	0	100	0	0
8	0	0	100	0	0
8	0	0	100	0	0
8	0	0	100	0	0
8	0	0	100	0	0
8	0	0	100	0	0
8	0	0	100	0	0
8	0	0	100	0	0
8	0	0	100	0	0
8	0	0	100	0	0
8	0	0	100	0	0
8	0	0	100	0	0
8	0	0	100	0	0
8	0	0	100	0	0
8	0	0	100	0	0
8	0	0	100	0	0
8	0	0	100	0	0
8	0	0	100	0	0
8	0	0	100	0	0
8	0	0	100	0	0
8	0	0	100	0	0
8	0	0	100	0	0
8	0	0	100	0	0
8	0	0	100	0	0
8	0	0	100	0	0
8	0	0	100	0	0
8	0	0	100	0	0
8	0	0	100	0	0
8	0	0	100	0	0
8	0	0	100	0	0
8	0	0	100	0	0
8	0	0	100	0	0
8	0	0	100	0	0
8	0	0	100	0	0
8	0	0	100	0	0
8	0	0	100	0	0
8	0	0	100	0	0
8	0	0	100	0	0
8	0	0	100	0	0
8	0	0	100	0	0
8	0	0	100	0	0
8	0	0	100	0	0
8	0	0	100	0	0
8	0	0	100	0	0
8	0	0	100	0	0
8	0	0	100	0	0
8	0	0	100	0	0
8	0	0	100	0	0
8	0	0	100	0	0
8	0	0	100	0	0
8	0	0	100	0	0
8	0	0	100	0	0
8	0	0	100	0	0
8	0	0	100	0	0
8	0	0	100	0	0
8	0	0	100	0	0
8	0	0	100	0	0
8	0	0	100	0	0
8	0	0	100	0	0
8	0	0	100	0	0
8	0	0	100	0	0
8	0	0	100	0	0
8	0	0	100	0	0
8	0	0	100	0	0
8	0	0	100	0	0
8	0	0	100	0	0
8	0	0	100	0	0
8	0	0	100	0	0
8	0	0	100	0	0
8	0	0	100	0	0
8	0	0	100	0	0
8	0	0	100	0	0
8	0	0	100	0	0
8	0	0	100	0	0
8	0	0	100	0	0
8	0	0	100	0	0
8	0	0	100	0	0
8	0	0	100	0	0
8	0	0	100	0	0
8	0	0	100	0	0
8	0	0	100	0	0
8	0	0	100	0	0
8	0	0	100	0	0
8	0	0	100	0	0
8	0	0	100	0	0
8	0	0	100	0	0
8	0	0	100	0	0
8	0	0	100	0	0
8	0	0	100	0	0
8	0	0	100	0	0
8	0	0	100	0	0
8	0	0	100	0	0
8	0	0	100	0	0
8	0	0	100	0	0
8	0	0	100	0	0
8	0	0	100	0	0
8	0	0	100	0	0
8	0	0	100	0	0
8	0	0	100	0	0
8	0	0	100	0	0
8	0	0	100	0	0
8	0	0	100	0	0
8	0	0	100	0	0
8	0	0	100	0	0
8	0	0	100	0	0
8	0	0	100	0	0
0	0	0	100	0	0
0	0	0	100	0	0
0	0	0	100	0	0
0	0	0	100	0	0
0	0	0	100	0	0
0	0	0	100	0	0
0	0	0	100	0	0
0	0	0	100	0	0
0	0	0	100	0	0
0	0	0	100	0	0
0	0	0	100	0	0
0	0	0	100	0	0
0	0	0	100	0	0
0	0	0	100	0	0
0	0	0	100	0	0
0	0	0	100	0	0
0	0	0	100	0	0
0	0	0	100	0	0
0	0	0	100	0	0
0	0	0	100	0	0
0	0	0	100	0	0
0	0	0	100	0	0
0	0	0	100	0	0
0	0	0	100	0	0
0	0	0	100	0	0
0	0	0	100	0	0
0	0	0	100	0	0
0	0	0	100	0	0
0	0	0	100	0	0
0	0	0	100	0	0
0	0	0	100	0	0
0	0	0	100	0	0
0	0	0	100	0	0
0	0	0	100	0	0
0	0	0	100	0	0
0	0	0	100	0	0
0	0	0	100	0	0
0	0	0	100	0	0
0	0	0	100	0	0
0	0	0	100	0	0
0	0	0	100	0	0
0	0	0	100	0	0
0	0	0	100	0	0
0	0	0	100	0	0
0	0	0	100	0	0
0	0	0	100	0	0
0	0	0	100	0	0
0	0	0	100	0	0
0	0	0	100	0	0
0	0	0	100	0	0
0	0	0	100	0	0
0	0	0	100	0	0
0	0	0	100	0	0
0	0	0	100	0	0
0	0	0	100	0	0
0	0	0	100	0	0
0	0	0	100	0	0
0	0	0	100	0	0
0	0	0	100	0	0
0	0	0	100	0	0
0	0	0	100	0	0
0	0	0	100	0	0
0	0	0	100	0	0
0	0	0	100	0	0
0	0	0	100	0	0
0	0	0	100	0	0
0	0	0	100	0	0
0	0	0	100	0	0
0	0	0	100	0	0
0	0	0	100	0	0
0	0	0	100	0	0
0	0	0	100	0	0
0	0	0	100	0	0
0	0	0	100	0	0
0	0	0	100	0	0
0	0	0	100	0	0
0	0	0	100	0	0
0	0	0	100	0	0
0	0	0	100	0	0
0	0	0	100	0	0
0	0	0	100	0	0
0	0	0	100	0	0
0	0	0	100	0	0
0	0	0	100	0	0
0	0	0	100	0	0
0	0	0	100	0	0
0	0	0	100	0	0
0	0	0	100	0	0
0	0	0	100	0	0
0	0	0	100	0	0
0	0	0	100	0	0
0	0	0	100	0	0
0	0	0	100	0	0
0	0	0	100	0	0
0	0	0	100	0	0
0	0	0	100	0	0
0	0	0	100	0	0
0	0	0	100	0	0
0	0	0	100	0	0
0	0	0	100	0	0
0	0	0	100	0	0
0	0	0	100	0	0
0	0	0	100	0	0
0	0	0	100	0	0
0	0	0	100	0	0
0	0	0	100	0	0
0	0	0	100	0	0
0	0	0	100	0	0
0	0	0	100	0	0
0	0	0	100	0	0
0	0	0	100	0	0
0	0	0	100	0	0
0	0	0	100	0	0
0	0	0	100	0	0
0	0	0	100	0	0
0	0	0	100	0	0
0	0	0	100	0	0
0	0	0	100	0	0
0	0	0	100	0	0
0	0	0	100	0	0
0	0	0	100	0	0
0	0	0	100	0	0
0	0	0	100	0	0
0	0	0	100	0	0
0	0	0	100	0	0
0	0	0	100	0	0
0	0	0	100	0	0
0	0	0	100	0	0
0	0	0	100	0	0
0	0	0	100	0	0
0	0	0	100	0	0
0	0	0	100	0	0
0	0	0	100	0	0
0	0	0	100	0	0
0	0	0	100	0	0
0	0	0	100	0	0
0	0	0	100	0	0
0	0	0	100	0	0
0	0	0	100	0	0
0	0	0	100	0	0
0	0	0	100	0	0
0	0	0	100	0	0
0	0	0	100	0	0
0	0	0	100	0	0
0	0	0	100	0	0
0	0	0	100	0	0
0	0	0	100	0	0
0	0	0	100	0	0
0	0	0	100	0	0
0	0	0	100	0	0
0	0	0	100	0	0
0	0	0	100	0	0
0	0	0	100	0	0
0	0	0	100	0	0
0	0	0	100	0	0
0	0	0	100	0	0
0	0	0	100	0	0
0	0	0	100	0	0
0	0	0	100	0	0
0	0	0	100	0	0
0	0	0	100	0	0
0	0	0	100	0	0
0	0	0	100	0	0
0	0	0	100	0	0
0	0	0	100	0	0
0	0	0	100	0	0
0	0	0	100	0	0
0	0	0	100	0	0
0	0	0	100	0	0
0	0	0	100	0	0
0	0	0	100	0	0
0	0	0	100	0	0
0	0	0	100	0	0
0	0	0	100	0	0
0	0	0	100	0	0
0	0	0	100	0	0
0	0	0	100	0	0
0	0	0	100	0	0
0	0	0	100	0	0
0	0	0	100	0	0
0	0	0	100	0	0
0	0	0	100	0	0
0	0	0	100	0	0
0	0	0	100	0	0
0	0	0	100	0	0
0	0	0	100	0	0
0	0	0	100	0	0
0	0	0	100	0	0
0	0	0	100	0	0
0	0	0	100	0	0
0	0	0	100	0	0
0	0	0	100	0	0
0	0	0	100	0	0
0	0	0	100	0	0
0	0	0	100	0	0
0	0	0	100	0	0
0	0	0	92	0	0
0	0	0	92	0	0
0	0	0	92	0	0
0	0	0	92	0	0
0	0	0	92	0	0
0	0	0	90	0	0
0	0	0	90	0	0
0	0	0	90	0	0
0	0	0	90	0	0
0	0	0	90	0	0
0	0	0	90	0	0
0	0	0	90	0	0
0	0	0	90	0	0
0	0	0	90	0	0
0	0	0	90	0	0
0	0	0	90	0	0
0	0	0	90	0	0
0	0	0	90	0	0
0	0	0	90	0	0
0	0	0	90	0	0
0	0	0	90	0	0
0	0	0	90	0	0
0	0	0	90	0	0
0	0	0	90	0	0
0	0	0	90	0	0
0	0	0	90	0	0
0	0	0	90	0	0
0	0	0	90	0	0
0	0	0	90	0	0
0	0	0	90	0	0
0	0	0	90	0	0
0	0	0	90	0	0
0	0	0	90	0	0
0	0	0	90	0	0
0	0	0	90	0	0
0	0	0	90	0	0
0	0	0	90	0	0
0	0	0	90	0	0
0	0	0	90	0	0
0	0	0	90	0	0
0	0	0	90	0	0
0	0	0	90	0	0
0	0	0	90	0	0
0	0	0	90	0	0
0	0	0	90	0	0
0	0	0	90	0	0
0	0	0	90	0	0
0	0	0	90	0	0
0	0	0	90	0	0
0	0	0	90	0	0
0	0	0	90	0	0
0	0	0	90	0	0
0	0	0	90	0	0
0	0	0	90	0	0
0	0	0	90	0	0
0	0	0	90	0	0
0	0	0	90	0	0
0	0	0	90	0	0
0	0	0	90	0	0
0	0	0	90	0	0
0	0	0	90	0	0
0	0	0	90	0	0
0	0	0	90	0	0
0	0	0	90	0	0
0	0	0	90	0	0
0	0	0	90	0	0
0	0	0	90	0	0
0	0	0	90	0	0
0	0	0	90	0	0
0	0	0	90	0	0
0	0	0	90	0	0
0	0	0	90	0	0
0	0	0	90	0	0
0	0	0	90	0	0
0	0	0	90	0	0
0	0	0	90	0	0
0	0	0	90	0	0
0	0	0	90	0	0
0	0	0	90	0	0
0	0	0	90	0	0
0	0	0	90	0	0
0	0	0	90	0	0
0	0	0	90	0	0
0	0	0	90	0	0
0	0	0	90	0	0
0	0	0	90	0	0
0	0	0	90	0	0
0	0	0	90	0	0
0	0	0	90	0	0
0	0	0	90	0	0
0	0	0	90	0	0
0	0	0	90	0	0
0	0	0	90	0	0
0	0	0	90	0	0
0	0	0	90	0	0
0	0	0	90	0	0
0	0	0	90	0	0
0	0	0	90	0	0
0	0	0	90	0	0
0	0	0	90	0	0
0	0	0	90	0	0
0	0	0	90	0	0
0	0	0	90	0	0
0	0	0	90	0	0
0	0	0	90	0	0
0	0	0	90	0	0
0	0	0	90	0	0
0	0	0	90	0	0
0	0	0	90	0	0
0	0	0	90	0	0
0	0	0	90	0	0
0	0	0	90	0	0
0	0	0	90	0	0
0	0	0	90	0	0
0	0	0	90	0	0
0	0	0	90	0	0
0	0	0	90	0	0
0	0	0	90	0	0
0	0	0	90	0	0
0	0	0	90	0	0
0	0	0	90	0	0
0	0	0	90	0	0
0	0	0	90	0	0
0	0	0	90	0	0
0	0	0	90	0	0
0	0	0	90	0	0
0	0	0	90	0	0
0	0	0	90	0	0
0	0	0	90	0	0
0	0	0	90	0	0
0	0	0	90	0	0
0	0	0	90	0	0
0	0	0	90	0	0
0	0	0	90	0	0
0	0	0	90	0	0
0	0	0	90	0	0
0	0	0	90	0	0
0	0	0	90	0	0
0	0	0	90	0	0
0	0	0	90	0	0
0	0	0	90	0	0
0	0	0	90	0	0
0	0	0	90	0	0
0	0	0	90	0	0
0	0	0	90	0	0
0	0	0	90	0	0
0	0	0	90	0	0
0	0	0	90	0	0
0	0	0	90	0	0
0	0	0	90	0	0
0	0	0	90	0	0
0	0	0	90	0	0
0	0	0	90	0	0
0	0	0	90	0	0
0	0	0	90	0	0
0	0	0	90	0	0
0	0	0	90	0	0
0	0	0	90	0	0
0	0	0	90	0	0
0	0	0	90	0	0
0	0	0	90	0	0
0	0	0	90	0	0
0	0	0	90	0	0
0	0	0	90	0	0
0	0	0	90	0	0
0	0	0	90	0	0
0	0	0	90	0	0
0	0	0	90	0	0
0	0	0	90	0	0
0	0	0	90	0	0
0	0	0	90	0	0
0	0	0	90	0	0
0	0	0	90	0	0
0	0	0	90	0	0
0	0	0	90	0	0
0	0	0	90	0	0
0	0	0	90	0	0
0	0	0	90	0	0
0	0	0	90	0	0
0	0	0	90	0	0
0	0	0	90	0	0
0	0	0	90	0	0
0	0	0	90	0	0
0	0	0	90	0	0
0	0	0	90	0	0
0	0	0	90	0	0
0	0	0	90	0	0
0	0	0	90	0	0
0	0	0	90	0	0
0	0	0	90	0	0
0	0	0	90	0	0
0	0	0	90	0	0
0	0	0	90	0	0
0	0	0	90	0	0
0	0	0	90	0	0
0	0	0	90	0	0
0	0	0	90	0	0
0	0	0	90	0	0
0	0	0	90	0	0
0	0	0	90	0	0
0	0	0	90	0	0
0	0	0	90	0	0
0	0	0	90	0	0
0	0	0	90	0	0
0	0	0	90	0	0
0	0	0	90	0	0
0	0	0	90	0	0
0	0	0	90	0	0
0	0	0	90	0	0
0	0	0	90	0	0
0	0	0	90	0	0
0	0	0	90	0	0
0	0	0	90	0	0
0	0	0	90	0	0
0	0	0	90	0	0
0	0	0	90	0	0
0	0	0	90	0	0
0	0	0	90	0	0
0	0	0	90	0	0
0	0	0	90	0	0
0	0	0	90	0	0
0	0	0	90	0	0
0	0	0	90	0	0
0	0	0	90	0	0
0	0	0	90	0	0
0	0	0	90	0	0
0	0	0	90	0	0
0	0	0	90	0	0
0	0	0	90	0	0
0	0	0	90	0	0
0	0	0	90	0	0
0	0	0	90	0	0
0	0	0	90	0	0
0	0	0	90	0	0
0	0	0	90	0	0
0	0	0	90	0	0
0	0	0	90	0	0
0	0	0	90	0	0
0	0	0	90	0	0
0	0	0	90	0	0
0	0	0	90	0	0
0	0	0	90	0	0
0	0	0	90	0	0
0	0	0	90	0	0
0	0	0	90	0	0
0	0	0	90	0	0
0	0	0	90	0	0
0	0	0	90	0	0
0	0	0	90	0	0
0	0	0	90	0	0
0	0	0	90	0	0
0	0	0	90	0	0
0	0	0	90	0	0
0	0	0	90	0	0
0	0	0	90	0	0
0	0	0	100	0	0
0	0	0	100	0	0
0	0	0	100	0	0
0	0	0	100	0	0
0	0	0	100	0	0
0	0	0	100	0	0
0	0	0	100	0	0
0	0	0	100	0	0
0	0	0	100	0	0
0	0	0	100	0	0
0	0	0	100	0	0
0	0	0	100	0	0
0	0	0	100	0	0
0	0	0	100	0	0
0	0	0	100	0	0
0	0	0	100	0	0
0	0	0	100	0	0
0	0	0	100	0	0
0	0	0	100	0	0
0	0	0	100	0	0
0	0	0	100	0	0
0	0	0	100	0	0
0	0	0	100	0	0
0	0	0	100	0	0
0	0	0	100	0	0
0	0	0	100	0	0
0	0	0	100	0	0
0	0	0	100	0	0
0	0	0	100	0	0
0	0	0	100	0	0
0	0	0	100	0	0
0	0	0	100	0	0
0	0	0	100	0	0
0	0	0	100	0	0
0	0	0	100	0	0
0	0	0	100	0	0
0	0	0	100	0	0
0	0	0	100	0	0
0	0	0	100	0	0
0	0	0	100	0	0
0	0	0	100	0	0
0	0	0	100	0	0
0	0	0	100	0	0
0	0	0	100	0	0
0	0	0	100	0	0
0	0	0	100	0	0
0	0	0	100	0	0
0	0	0	100	0	0
0	0	0	100	0	0
0	0	0	100	0	0
0	0	0	100	0	0
0	0	0	100	0	0
0	0	0	100	0	0
0	0	0	100	0	0
0	0	0	100	0	0
0	0	0	100	0	0
0	0	0	100	0	0
0	0	0	100	0	0
0	0	0	100	0	0
0	0	0	100	0	0
0	0	0	100	0	0
0	0	0	100	0	0
0	0	0	100	0	0
0	0	0	100	0	0
0	0	0	100	0	0
0	0	0	100	0	0
0	0	0	100	0	0
0	0	0	100	0	0
0	0	0	100	0	0
0	0	0	100	0	0
0	0	0	100	0	0
0	0	0	100	0	0
0	0	0	100	0	0
0	0	0	100	0	0
0	0	0	100	0	0
0	0	0	100	0	0
0	0	0	100	0	0
0	0	0	100	0	0
0	0	0	100	0	0
0	0	0	100	0	0
0	0	0	100	0	0
0	0	0	100	0	0
0	0	0	100	0	0
0	0	0	100	0	0
0	0	0	100	0	0
0	0	0	100	0	0
0	0	0	100	0	0
0	0	0	100	0	0
0	0	0	100	0	0
0	0	0	100	0	0
0	0	0	100	0	0
0	0	0	100	0	0
0	0	0	100	0	0
0	0	0	100	0	0
0	0	0	100	0	0
0	0	0	100	0	0
0	0	0	100	0	0
0	0	0	100	0	0
0	0	0	100	0	0
0	0	0	100	0	0
0	0	0	100	0	0
0	0	0	100	0	0
0	0	0	100	0	0
0	0	0	100	0	0
0	0	0	100	0	0
0	0	0	100	0	0
0	0	0	100	0	0
0	0	0	100	0	0
0	0	0	100	0	0
0	0	0	100	0	0
0	0	0	100	0	0
0	0	0	100	0	0
0	0	0	100	0	0
0	0	0	100	0	0
0	0	0	100	0	0
0	0	0	100	0	0
0	0	0	100	0	0
0	0	0	100	0	0
0	0	0	100	0	0
0	0	0	100	0	0
0	0	0	100	0	0
0	0	0	100	0	0
0	0	0	100	0	0
0	0	0	100	0	0
0	0	0	100	0	0
0	0	0	100	0	0
0	0	0	100	0	0
0	0	0	100	0	0
0	0	0	100	0	0
0	0	0	100	0	0
0	0	0	100	0	0
0	0	0	100	0	0
0	0	0	100	0	0
0	0	0	100	0	0
0	0	0	100	0	0
0	0	0	100	0	0
0	0	0	100	0	0
0	0	0	100	0	0
0	0	0	100	0	0
0	0	0	100	0	0
0	0	0	100	0	0
0	0	0	100	0	0
0	0	0	100	0	0
0	0	0	100	0	0
0	0	0	100	0	0
0	0	0	100	0	0
0	0	0	100	0	0
0	0	0	100	0	0
0	0	0	100	0	0
0	0	0	100	0	0
0	0	0	100	0	0
0	0	0	100	0	0
0	0	0	100	0	0
0	0	0	100	0	0
0	0	0	100	0	0
0	0	0	100	0	0
0	0	0	100	0	0
0	0	0	100	0	0
0	0	0	100	0	0
0	0	0	100	0	0
0	0	0	100	0	0
0	0	0	100	0	0
0	0	0	100	0	0
0	0	0	100	0	0
0	0	0	100	0	0
0	0	0	100	0	0
0	0	0	100	0	0
0	0	0	100	0	0
0	0	0	100	0	0
0	0	0	100	0	0
0	0	0	100	0	0
0	0	0	100	0	0
0	0	0	100	0	0
0	0	0	100	0	0
0	0	0	100	0	0
0	0	0	100	0	0
0	0	0	100	0	0
0	0	0	100	0	0
0	0	0	100	0	0
0	0	0	100	0	0
0	0	0	100	0	0
0	0	0	100	0	0
0	0	0	100	0	0
0	0	0	100	0	0
0	0	0	100	0	0
0	0	0	100	0	0
0	0	0	100	0	0
0	0	0	100	0	0
0	0	0	100	0	0
0	0	0	100	0	0
0	0	0	100	0	0
0	0	0	100	0	0
0	0	0	100	0	0
0	0	0	100	0	0
0	0	0	100	0	0
0	0	0	100	0	0
0	0	0	100	0	0
0	0	0	100	0	0
0	0	0	100	0	0
0	0	0	100	0	0
0	0	0	100	0	0
0	0	0	100	0	0
0	0	0	100	0	0
0	0	0	100	0	0
0	0	0	100	0	0
0	0	0	100	0	0
0	0	0	100	0	0
0	0	0	100	0	0
0	0	0	100	0	0
0	0	0	100	0	0
0	0	0	100	0	0
0	0	0	100	0	0
0	0	0	100	0	0
0	0	0	100	0	0
0	0	0	100	0	0
0	0	0	100	0	0
0	0	0	100	0	0
0	0	0	100	0	0
0	0	0	100	0	0
0	0	0	100	0	0
0	0	0	100	0	0
0	0	0	100	0	0
0	0	0	100	0	0
0	0	0	100	0	0
0	0	0	100	0	0
0	0	0	100	0	0
0	0	0	100	0	0
0	0	0	100	0	0
0	0	0	100	0	0
0	0	0	100	0	0
0	0	0	100	0	0
0	0	0	100	0	0
0	0	0	100	0	0
0	0	0	100	0	0
0	0	0	100	0	0
0	0	0	100	0	0
0	0	0	100	0	0
0	0	0	100	0	0
0	0	0	100	0	0
0	0	0	100	0	0
0	0	0	100	0	0
0	0	0	100	0	0
0	0	0	100	0	0
0	0	0	100	0	0
0	0	0	100	0	0
0	0	0	100	0	0
0	0	0	100	0	0
0	0	0	100	0	0
0	0	0	100	0	0
0	0	0	100	0	0
0	0	0	100	0	0
0	0	0	100	0	0
0	0	0	100	0	0
0	0	0	100	0	0
0	0	0	100	0	0
0	0	0	100	0	0
0	0	0	100	0	0
0	0	0	100	0	0
0	0	0	100	0	0
0	0	0	100	0	0
0	0	0	100	0	0
0	0	0	100	0	0
0	0	0	100	0	0
0	0	0	100	0	0
0	0	0	100	0	0
0	0	0	100	0	0
0	0	0	100	0	0
0	0	0	100	0	0
0	0	0	100	0	0
0	0	0	100	0	0
0	0	0	100	0	0
0	0	0	100	0	0
0	0	0	100	0	0
0	0	0	100	0	0
0	0	0	100	0	0
0	0	0	100	0	0
0	0	0	100	0	0
0	0	0	100	0	0
0	0	0	100	0	0
0	0	0	100	0	0
0	0	0	100	0	0
0	0	0	100	0	0
0	0	0	100	0	0
0	0	0	100	0	0
0	0	0	100	0	0
0	0	0	100	0	0
0	0	0	100	0	0
0	0	0	100	0	0
0	0	0	100	0	0
0	0	0	100	0	0
0	0	0	100	0	0
0	0	0	100	0	0
0	0	0	100	0	0
0	0	0	100	0	0
0	0	0	100	0	0
0	0	0	100	0	0
0	0	0	100	0	0
0	0	0	100	0	0
0	0	0	100	0	0
0	0	0	100	0	0
0	0	0	100	0	0
0	0	0	100	0	0
0	0	0	100	0	0
0	0	0	100	0	0
0	0	0	100	0	0
0	0	0	100	0	0
0	0	0	100	0	0
0	0	0	100	0	0
0	0	0	100	0	0
0	0	0	100	0	0
0	0	0	100	0	0
0	0	0	100	0	0
0	0	0	100	0	0
0	0	0	100	0	0
0	0	0	100	0	0
0	0	0	100	0	0
0	0	0	100	0	0
0	0	0	100	0	0
0	0	0	100	0	0
0	0	0	100	0	0
0	0	0	100	0	0
0	0	0	100	0	0
0	0	0	100	0	0
0	0	0	100	0	0
0	0	0	100	0	0
0	0	0	100	0	0
0	0	0	100	0	0
0	0	0	100	0	0
0	0	0	100	0	0
0	0	0	100	0	0
0	0	0	100	0	0
0	0	0	100	0	0
0	0	0	100	0	0
0	0	0	100	0	0
0	0	0	100	0	0
0	0	0	100	0	0
0	0	0	100	0	0
0	0	0	100	0	0
0	0	0	100	0	0
0	0	0	100	0	0
0	0	0	100	0	0
0	0	0	100	0	0
0	0	0	100	0	0
0	0	0	100	0	0
0	0	0	100	0	0
0	0	0	100	0	0
0	0	0	100	0	0
0	0	0	100	0	0
0	0	0	100	0	0
0	0	0	100	0	0
0	0	0	100	0	0
0	0	0	100	0	0
0	0	0	100	0	0
0	0	0	100	0	0
0	0	0	100	0	0
0	0	0	100	0	0
0	0	0	100	0	0
0	0	0	100	0	0
0	0	0	100	0	0
0	0	0	100	0	0
0	0	0	100	0	0
0	0	0	100	0	0
0	0	0	100	0	0
0	0	0	100	0	0
0	0	0	100	0	0
0	0	0	100	0	0
0	0	0	100	0	0
0	0	0	100	0	0
0	0	0	100	0	0
0	0	0	100	0	0
0	0	0	100	0	0
0	0	0	100	0	0
0	0	0	100	0	0
0	0	0	100	0	0
0	0	0	100	0	0
0	0	0	100	0	0
0	0	0	100	0	0
0	0	0	100	0	0
0	0	0	100	0	0
0	0	0	100	0	0
0	0	0	100	0	0
0	0	0	80	0	0
0	0	0	80	0	0
0	0	0	80	0	0
0	0	0	80	0	0
0	0	0	80	0	0
0	0	0	80	0	0
0	0	0	80	0	0
0	0	0	80	0	0
0	0	0	80	0	0
0	0	0	80	0	0
0	0	0	80	0	0
0	0	0	80	0	0
0	0	0	80	0	0
0	0	0	80	0	0
0	0	0	80	0	0
0	0	0	52	0	0
0	0	0	52	0	0
0	0	0	52	0	0
0	0	0	52	0	0
0	0	0	52	0	0
0	0	0	52	0	0
0	0	0	52	0	0
0	0	0	52	0	0
0	0	0	52	0	0
0	0	0	52	0	0
0	0	0	52	0	0
0	0	0	32	0	0
0	0	0	32	0	0
0	0	0	32	0	0
0	0	0	32	0	0
0	0	0	32	0	0
0	0	0	32	0	0
0	0	0	32	0	0
0	0	0	32	0	0
0	0	0	32	0	0
0	0	0	32	0	0
0	0	0	32	0	0
0	0	0	32	0	0
18	0	0	32	0	0
18	0	0	32	0	0
18	0	0	32	0	0
18	0	0	32	0	0
18	0	0	32	0	0
18	0	0	32	0	0
18	0	0	32	0	0
18	0	0	32	0	0
18	0	0	32	0	0
18	0	0	32	0	0
18	0	0	32	0	0
18	0	0	32	0	0
18	0	0	32	0	0
18	0	0	32	0	0
18	0	0	32	0	0
18	0	0	32	0	0
18	0	0	32	0	0
18	0	0	32	0	0
18	0	0	32	0	0
18	0	0	32	0	0
18	0	0	32	0	0
18	0	0	32	0	0
18	0	0	32	0	0
30	0	0	32	0	0
30	0	0	32	0	0
30	0	0	32	0	0
30	0	0	32	0	0
30	0	0	32	0	0
30	0	0	32	0	0
30	0	0	32	0	0
30	0	0	32	0	0
30	0	0	32	0	0
30	0	0	32	0	0
30	0	0	32	0	0
30	0	0	32	0	0
30	0	0	32	0	0
30	0	0	32	0	0
30	0	0	32	0	0
30	0	0	32	0	0
30	0	0	32	0	0
30	0	0	32	0	0
30	0	0	32	0	0
30	0	0	32	0	0
30	0	0	32	0	0
30	0	0	32	0	0
30	0	0	32	0	0
30	0	0	32	0	0
30	0	0	32	0	0
30	0	0	32	0	0
30	0	0	32	0	0
30	0	0	32	0	0
30	0	0	32	0	0
30	0	0	32	0	0
30	0	0	32	0	0
30	0	0	32	0	0
30	0	0	32	0	0
30	0	0	32	0	0
30	0	0	32	0	0
30	0	0	32	0	0
30	0	0	32	0	0
30	0	0	32	0	0
30	0	0	32	0	0
30	0	0	32	0	0
30	0	0	32	0	0
30	0	0	32	0	0
30	0	0	32	0	0
30	0	0	32	0	0
30	0	0	32	0	0
30	0	0	32	0	0
30	0	0	32	0	0
30	0	0	32	0	0
30	0	0	32	0	0
30	0	0	32	0	0
30	0	0	32	0	0
30	0	0	32	0	0
30	0	0	32	0	0
30	0	0	32	0	0
30	0	0	32	0	0
30	0	0	32	0	0
30	0	0	32	0	0
30	0	0	32	0	0
30	0	0	32	0	0
30	0	0	32	0	0
30	0	0	32	0	0
30	0	0	32	0	0
30	0	0	32	0	0
30	0	0	32	0	0
30	0	0	32	0	0
30	0	0	32	0	0
30	0	0	32	0	0
30	0	0	32	0	0
30	0	0	32	0	0
30	0	0	32	0	0
30	0	0	32	0	0
30	0	0	32	0	0
30	0	0	32	0	0
30	0	0	32	0	0
30	0	0	32	0	0
30	0	0	32	0	0
30	0	0	32	0	0
30	0	0	32	0	0
30	0	0	32	0	0
30	0	0	32	0	0
30	0	0	32	0	0
30	0	0	32	0	0
30	0	0	32	0	0
30	0	0	32	0	0
30	0	0	32	0	0
30	0	0	32	0	0
30	0	0	32	0	0
30	0	0	32	0	0
30	0	0	32	0	0
30	0	0	32	0	0
30	0	0	32	0	0
30	0	0	32	0	0
30	0	0	20	0	0
30	0	0	20	0	0
30	0	0	20	0	0
30	0	0	20	0	0
30	0	0	20	0	0
30	0	0	20	0	0
30	0	0	20	0	0
30	0	0	20	0	0
30	0	0	20	0	0
30	0	0	20	0	0
30	0	0	20	0	0
30	0	0	20	0	0
30	0	0	20	0	0
30	0	0	20	0	0
30	0	0	20	0	0
30	0	0	20	0	0
30	0	0	20	0	0
30	0	0	20	0	0
30	0	0	20	0	0
30	0	0	20	0	0
30	0	0	20	0	0
30	0	0	20	0	0
30	0	0	20	0	0
30	0	0	20	0	0
30	0	0	20	0	0
30	0	0	20	0	0
30	0	0	20	0	0
30	0	0	20	0	0
30	0	0	20	0	0
30	0	0	20	0	0
30	0	0	20	0	0
30	0	0	20	0	0
30	0	0	20	0	0
30	0	0	20	0	0
30	0	0	20	0	0
30	0	0	20	0	0
30	0	0	20	0	0
30	0	0	20	0	0
30	0	0	20	0	0
30	0	0	20	0	0
30	0	0	20	0	0
30	0	0	20	0	0
30	0	0	20	0	0
30	0	0	20	0	0
30	0	0	20	0	0
30	0	0	20	0	0
30	0	0	20	0	0
30	0	0	20	0	0
30	0	0	20	0	0
30	0	0	20	0	0
30	0	0	20	0	0
30	0	0	20	0	0
30	0	0	20	0	0
30	0	0	20	0	0
30	0	0	20	0	0
30	0	0	20	0	0
30	0	0	20	0	0
30	0	0	20	0	0
30	0	0	20	0	0
30	0	0	20	0	0
30	0	0	20	0	0
30	0	0	20	0	0
30	0	0	20	0	0
30	0	0	20	0	0
30	0	0	20	0	0
30	0	0	20	0	0
30	0	0	20	0	0
30	0	0	20	0	0
30	0	0	20	0	0
30	0	0	20	0	0
30	0	0	20	0	0
30	0	0	20	0	0
30	0	0	20	0	0
30	0	0	20	0	0
30	0	0	20	0	0
30	0	0	20	0	0
30	0	0	20	0	0
30	0	0	20	0	0
30	0	0	20	0	0
30	0	0	20	0	0
30	0	0	20	0	0
30	0	0	20	0	0
30	0	0	20	0	0
30	0	0	20	0	0
30	0	0	20	0	0
30	0	0	20	0	0
30	0	0	20	0	0
30	0	0	20	0	0
30	0	0	20	0	0
30	0	0	20	0	0
30	0	0	20	0	0
30	0	0	20	0	0
30	0	0	20	0	0
30	0	0	20	0	0
30	0	0	20	0	0
30	0	0	20	0	0
30	0	0	20	0	0
30	0	0	20	0	0
30	0	0	20	0	0
30	0	0	20	0	0
30	0	0	20	0	0
30	0	0	20	0	0
30	0	0	20	0	0
30	0	0	20	0	0
30	0	0	20	0	0
30	0	0	20	0	0
30	0	0	20	0	0
30	0	0	20	0	0
30	0	0	20	0	0
30	0	0	20	0	0
30	0	0	20	0	0
30	0	0	20	0	0
30	0	0	20	0	0
30	0	0	20	0	0
30	0	0	20	0	0
30	0	0	20	0	0
30	0	0	20	0	0
30	0	0	20	0	0
30	0	0	20	0	0
30	0	0	20	0	0
30	0	0	20	0	0
30	0	0	20	0	0
30	0	0	20	0	0
30	0	0	20	0	0
30	0	0	20	0	0
30	0	0	20	0	0
30	0	0	20	0	0
30	0	0	20	0	0
30	0	0	20	0	0
30	0	0	20	0	0
30	0	0	20	0	0
30	0	0	20	0	0
30	0	0	20	0	0
30	0	0	20	0	0
30	0	0	20	0	0
30	0	0	20	0	0
30	0	0	20	0	0
30	0	0	20	0	0
30	0	0	20	0	0
30	0	0	20	0	0
30	0	0	20	0	0
30	0	0	20	0	0
30	0	0	20	0	0
30	0	0	20	0	0
30	0	0	20	0	0
30	0	0	20	0	0
30	0	0	20	0	0
30	0	0	20	0	0
30	0	0	20	0	0
30	0	0	20	0	0
40	0	0	20	0	0
40	0	0	20	0	0
40	0	0	20	0	0
40	0	0	20	0	0
40	0	0	20	0	0
40	0	0	20	0	0
40	0	0	20	0	0
40	0	0	20	0	0
40	0	0	20	0	0
40	0	0	20	0	0
40	0	0	20	0	0
40	0	0	20	0	0
40	0	0	20	0	0
40	0	0	20	0	0
40	0	0	20	0	0
40	0	0	20	0	0
40	0	0	20	0	0
40	0	0	20	0	0
40	0	0	20	0	0
40	0	0	20	0	0
40	0	0	20	0	0
40	0	0	20	0	0
40	0	0	20	0	0
40	0	0	20	0	0
40	0	0	20	0	0
40	0	0	20	0	0
40	0	0	20	0	0
34	0	0	20	0	0
34	0	0	20	0	0
34	0	0	20	0	0
34	0	0	20	0	0
34	0	0	20	0	0
34	0	0	20	0	0
34	0	0	20	0	0
34	0	0	20	0	0
34	0	0	20	0	0
34	0	0	20	0	0
34	0	0	20	0	0
34	0	0	20	0	0
34	0	0	20	0	0
34	0	0	20	0	0
34	0	0	20	0	0
34	0	0	20	0	0
34	0	0	20	0	0
34	0	0	20	0	0
34	0	0	20	0	0
34	0	0	20	0	0
34	0	0	20	0	0
34	0	0	20	0	0
34	0	0	20	0	0
34	0	0	20	0	0
34	0	0	20	0	0
34	0	0	20	0	0
34	0	0	20	0	0
34	0	0	20	0	0
34	0	0	20	0	0
34	0	0	20	0	0
34	0	0	20	0	0
34	0	0	20	0	0
34	0	0	20	0	0
34	0	0	20	0	0
34	0	0	20	0	0
34	0	0	20	0	0
34	0	0	20	0	0
34	0	0	20	0	0
34	0	0	20	0	0
34	0	0	20	0	0
34	0	0	20	0	0
34	0	0	20	0	0
34	0	0	20	0	0
34	0	0	20	0	0
34	0	0	20	0	0
34	0	0	20	0	0
34	0	0	20	0	0
34	0	0	20	0	0
34	0	0	20	0	0
34	0	0	20	0	0
34	0	0	20	0	0
34	0	0	20	0	0
34	0	0	20	0	0
34	0	0	20	0	0
34	0	0	20	0	0
34	0	0	20	0	0
34	0	0	20	0	0
34	0	0	20	0	0
34	0	0	20	0	0
34	0	0	20	0	0
34	0	0	20	0	0
34	0	0	20	0	0
34	0	0	20	0	0
34	0	0	20	0	0
34	0	0	20	0	0
34	0	0	20	0	0
34	0	0	20	0	0
34	0	0	20	0	0
34	0	0	20	0	0
34	0	0	20	0	0
34	0	0	20	0	0
34	0	0	20	0	0
34	0	0	20	0	0
34	0	0	20	0	0
34	0	0	20	0	0
34	0	0	20	0	0
34	0	0	20	0	0
34	0	0	20	0	0
34	0	0	20	0	0
34	0	0	20	0	0
34	0	0	20	0	0
34	0	0	20	0	0
34	0	0	20	0	0
34	0	0	20	0	0
34	0	0	20	0	0
34	0	0	20	0	0
34	0	0	20	0	0
34	0	0	20	0	0
40	0	0	20	0	0
40	0	0	20	0	0
40	0	0	20	0	0
40	0	0	20	0	0
40	0	0	20	0	0
40	0	0	20	0	0
40	0	0	20	0	0
40	0	0	20	0	0
40	0	0	20	0	0
40	0	0	20	0	0
40	0	0	20	0	0
40	0	0	20	0	0
40	0	0	20	0	0
40	0	0	20	0	0
40	0	0	20	0	0
40	0	0	20	0	0
40	0	0	20	0	0
40	0	0	20	0	0
40	0	0	20	0	0
40	0	0	20	0	0
40	0	0	20	0	0
40	0	0	20	0	0
40	0	0	20	0	0
40	0	0	20	0	0
40	0	0	20	0	0
40	0	0	20	0	0
40	0	0	20	0	0
40	0	0	20	0	0
40	0	0	20	0	0
40	0	0	20	0	0
40	0	0	20	0	0
40	0	0	20	0	0
40	0	0	20	0	0
40	0	0	20	0	0
40	0	0	20	0	0
40	0	0	20	0	0
40	0	0	20	0	0
40	0	0	20	0	0
40	0	0	20	0	0
40	0	0	20	0	0
40	0	0	20	0	0
40	0	0	20	0	0
40	0	0	20	0	0
40	0	0	20	0	0
40	0	0	20	0	0
40	0	0	20	0	0
40	0	0	20	0	0
40	0	0	20	0	0
40	0	0	20	0	0
40	0	0	20	0	0
40	0	0	20	0	0
40	0	0	20	0	0
40	0	0	20	0	0
40	0	0	20	0	0
40	0	0	20	0	0
40	0	0	20	0	0
40	0	0	20	0	0
40	0	0	20	0	0
40	0	0	20	0	0
40	0	0	20	0	0
40	0	0	20	0	0
40	0	0	20	0	0
40	0	0	20	0	0
40	0	0	20	0	0
40	0	0	20	0	0
40	0	0	20	0	0
40	0	0	20	0	0
40	0	0	20	0	0
40	0	0	20	0	0
40	0	0	20	0	0
40	0	0	20	0	0
40	0	0	20	0	0
40	0	0	20	0	0
40	0	0	20	0	0
40	0	0	20	0	0
40	0	0	20	0	0
40	0	0	20	0	0
40	0	0	20	0	0
40	0	0	20	0	0
40	0	0	20	0	0
40	0	0	20	0	0
40	0	0	20	0	0
40	0	0	20	0	0
40	0	0	20	0	0
40	0	0	20	0	0
40	0	0	20	0	0
40	0	0	20	0	0
40	0	0	20	0	0
40	0	0	20	0	0
40	0	0	20	0	0
40	0	0	20	0	0
40	0	0	20	0	0
40	0	0	20	0	0
40	0	0	20	0	0
40	0	0	20	0	0
40	0	0	20	0	0
40	0	0	20	0	0
40	0	0	20	0	0
40	0	0	20	0	0
40	0	0	20	0	0
40	0	0	20	0	0
40	0	0	20	0	0
40	0	0	20	0	0
40	0	0	20	0	0
40	0	0	20	0	0
40	0	0	20	0	0
40	0	0	20	0	0
40	0	0	20	0	0
40	0	0	20	0	0
40	0	0	20	0	0
40	0	0	20	0	0
40	0	0	20	0	0
40	0	0	20	0	0
40	0	0	20	0	0
40	0	0	20	0	0
40	0	0	20	0	0
40	0	0	20	0	0
40	0	0	20	0	0
40	0	0	20	0	0
40	0	0	20	0	0
40	0	0	20	0	0
40	0	0	20	0	0
40	0	0	20	0	0
40	0	0	20	0	0
40	0	0	20	0	0
40	0	0	20	0	0
40	0	0	20	0	0
40	0	0	20	0	0
40	0	0	20	0	0
40	0	0	20	0	0
40	0	0	20	0	0
40	0	0	20	0	0
40	0	0	20	0	0
40	0	0	20	0	0
40	0	0	20	0	0
40	0	0	20	0	0
40	0	0	20	0	0
40	0	0	20	0	0
40	0	0	20	0	0
40	0	0	20	0	0
40	0	0	20	0	0
40	0	0	20	0	0
40	0	0	20	0	0
40	0	0	20	0	0
40	0	0	20	0	0
40	0	0	20	0	0
40	0	0	20	0	0
40	0	0	20	0	0
40	0	0	20	0	0
40	0	0	20	0	0
40	0	0	20	0	0
40	0	0	20	0	0
40	0	0	20	0	0
40	0	0	20	0	0
40	0	0	20	0	0
40	0	0	20	0	0
40	0	0	20	0	0
40	0	0	20	0	0
40	0	0	20	0	0
40	0	0	20	0	0
40	0	0	20	0	0
40	0	0	20	0	0
40	0	0	20	0	0
40	0	0	20	0	0
40	0	0	20	0	0
40	0	0	20	0	0
40	0	0	20	0	0
40	0	0	20	0	0
40	0	0	20	0	0
40	0	0	20	0	0
40	0	0	20	0	0
40	0	0	20	0	0
40	0	0	20	0	0
40	0	0	20	0	0
40	0	0	20	0	0
40	0	0	20	0	0
40	0	0	20	0	0
40	0	0	20	0	0
40	0	0	20	0	0
40	0	0	20	0	0
40	0	0	20	0	0
40	0	0	20	0	0
40	0	0	20	0	0
40	0	0	20	0	0
40	0	0	20	0	0
40	0	0	20	0	0
40	0	0	20	0	0
40	0	0	20	0	0
40	0	0	20	0	0
40	0	0	20	0	0
40	0	0	20	0	0
40	0	0	20	0	0
40	0	0	20	0	0
40	0	0	20	0	0
40	0	0	20	0	0
40	0	0	20	0	0
40	0	0	20	0	0
40	0	0	20	0	0
40	0	0	20	0	0
40	0	0	20	0	0
40	0	0	20	0	0
40	0	0	20	0	0
40	0	0	20	0	0
40	0	0	20	0	0
40	0	0	20	0	0
40	0	0	20	0	0
40	0	0	20	0	0
40	0	0	20	0	0
40	0	0	20	0	0
40	0	0	20	0	0
40	0	0	20	0	0
40	0	0	20	0	0
40	0	0	20	0	0
40	0	0	20	0	0
40	0	0	20	0	0
40	0	0	20	0	0
40	0	0	20	0	0
40	0	0	20	0	0
40	0	0	20	0	0
40	0	0	20	0	0
40	0	0	20	0	0
40	0	0	20	0	0
40	0	0	20	0	0
40	0	0	20	0	0
40	0	0	20	0	0
40	0	0	20	0	0
40	0	0	20	0	0
40	0	0	20	0	0
40	0	0	20	0	0
40	0	0	20	0	0
40	0	0	20	0	0
40	0	0	20	0	0
40	0	0	20	0	0
40	0	0	20	0	0
40	0	0	20	0	0
40	0	0	20	0	0
40	0	0	20	0	0
40	0	0	20	0	0
40	0	0	20	0	0
40	0	0	20	0	0
40	0	0	20	0	0
40	0	0	20	0	0
40	0	0	20	0	0
40	0	0	20	0	0
40	0	0	20	0	0
40	0	0	20	0	0
40	0	0	20	0	0
40	0	0	20	0	0
40	0	0	20	0	0
40	0	0	20	0	0
40	0	0	20	0	0
40	0	0	20	0	0
40	0	0	20	0	0
40	0	0	20	0	0
40	0	0	20	0	0
40	0	0	20	0	0
40	0	0	20	0	0
40	0	0	20	0	0
40	0	0	20	0	0
40	0	0	20	0	0
40	0	0	20	0	0
40	0	0	20	0	0
40	0	0	20	0	0
40	0	0	20	0	0
40	0	0	20	0	0
40	0	0	20	0	0
40	0	0	20	0	0
40	0	0	20	0	0
40	0	0	20	0	0
40	0	0	20	0	0
40	0	0	20	0	0
40	0	0	20	0	0
40	0	0	20	0	0
40	0	0	20	0	0
40	0	0	20	0	0
40	0	0	20	0	0
40	0	0	20	0	0
40	0	0	20	0	0
40	0	0	20	0	0
40	0	0	20	0	0
40	0	0	20	0	0
40	0	0	20	0	0
40	0	0	20	0	0
40	0	0	20	0	0
40	0	0	20	0	0
40	0	0	20	0	0
40	0	0	20	0	0
40	0	0	20	0	0
40	0	0	20	0	0
40	0	0	20	0	0
40	0	0	20	0	0
40	0	0	20	0	0
40	0	0	20	0	0
40	0	0	20	0	0
40	0	0	20	0	0
40	0	0	20	0	0
40	0	0	20	0	0
40	0	0	20	0	0
40	0	0	20	0	0
40	0	0	20	0	0
40	0	0	20	0	0
40	0	0	20	0	0
40	0	0	20	0	0
40	0	0	20	0	0
40	0	0	20	0	0
40	0	0	20	0	0
40	0	0	20	0	0
40	0	0	20	0	0
40	0	0	20	0	0
40	0	0	20	0	0
40	0	0	20	0	0
40	0	0	20	0	0
40	0	0	20	0	0
40	0	0	20	0	0
40	0	0	20	0	0
40	0	0	20	0	0
40	0	0	20	0	0
40	0	0	20	0	0
40	0	0	20	0	0
40	0	0	20	0	0
40	0	0	20	0	0
40	0	0	20	0	0
40	0	0	20	0	0
40	0	0	20	0	0
40	0	0	20	0	0
40	0	0	20	0	0
40	0	0	20	0	0
40	0	0	20	0	0
40	0	0	20	0	0
40	0	0	20	0	0
40	0	0	20	0	0
40	0	0	20	0	0
40	0	0	20	0	0
40	0	0	20	0	0
40	0	0	20	0	0
40	0	0	20	0	0
40	0	0	20	0	0
40	0	0	20	0	0
40	0	0	20	0	0
40	0	0	20	0	0
40	0	0	20	0	0
40	0	0	20	0	0
40	0	0	20	0	0
40	0	0	20	0	0
40	0	0	20	0	0
40	0	0	20	0	0
40	0	0	20	0	0
40	0	0	20	0	0
40	0	0	20	0	0
40	0	0	20	0	0
40	0	0	20	0	0
40	0	0	20	0	0
40	0	0	20	0	0
40	0	0	20	0	0
40	0	0	20	0	0
40	0	0	20	0	0
40	0	0	20	0	0
40	0	0	20	0	0
40	0	0	20	0	0
40	0	0	20	0	0
40	0	0	20	0	0
40	0	0	20	0	0
40	0	0	20	0	0
40	0	0	20	0	0
40	0	0	20	0	0
40	0	0	20	0	0
40	0	0	20	0	0
40	0	0	20	0	0
40	0	0	20	0	0
40	0	0	20	0	0
40	0	0	20	0	0
40	0	0	20	0	0
40	0	0	20	0	0
40	0	0	20	0	0
40	0	0	20	0	0
40	0	0	20	0	0
40	0	0	20	0	0
40	0	0	20	0	0
40	0	0	20	0	0
40	0	0	20	0	0
40	0	0	20	0	0
40	0	0	20	0	0
40	0	0	20	0	0
40	0	0	20	0	0
40	0	0	20	0	0
40	0	0	20	0	0
40	0	0	20	0	0
40	0	0	20	0	0
40	0	0	20	0	0
40	0	0	20	0	0
40	0	0	20	0	0
40	0	0	20	0	0
40	0	0	20	0	0
40	0	0	20	0	0
40	0	0	20	0	0
40	0	0	20	0	0
40	0	0	20	0	0
40	0	0	20	0	0
40	0	0	20	0	0
40	0	0	20	0	0
40	0	0	20	0	0
40	0	0	20	0	0
40	0	0	20	0	0
40	0	0	20	0	0
40	0	0	20	0	0
40	0	0	20	0	0
40	0	0	20	0	0
40	0	0	20	0	0
40	0	0	20	0	0
40	0	0	20	0	0
40	0	0	20	0	0
40	0	0	20	0	0
40	0	0	20	0	0
40	0	0	20	0	0
40	0	0	20	0	0
40	0	0	20	0	0
40	0	0	20	0	0
40	0	0	20	0	0
40	0	0	20	0	0
40	0	0	20	0	0
40	0	0	20	0	0
40	0	0	20	0	0
40	0	0	20	0	0
40	0	0	20	0	0
40	0	0	20	0	0
40	0	0	20	0	0
40	0	0	20	0	0
40	0	0	20	0	0
40	0	0	20	0	0
40	0	0	20	0	0
40	0	0	20	0	0
40	0	0	20	0	0
40	0	0	20	0	0
40	0	0	20	0	0
40	0	0	20	0	0
40	0	0	20	0	0
40	0	0	20	0	0
40	0	0	20	0	0
40	0	0	20	0	0
40	0	0	20	0	0
40	0	0	20	0	0
40	0	0	20	0	0
40	0	0	20	0	0
40	0	0	20	0	0
40	0	0	20	0	0
40	0	0	20	0	0
40	0	0	20	0	0
40	0	0	20	0	0
40	0	0	20	0	0
40	0	0	20	0	0
40	0	0	20	0	0
40	0	0	20	0	0
40	0	0	20	0	0
40	0	0	20	0	0
40	0	0	20	0	0
40	0	0	20	0	0
40	0	0	20	0	0
40	0	0	20	0	0
40	0	0	20	0	0
40	0	0	20	0	0
40	0	0	20	0	0
40	0	0	20	0	0
40	0	0	20	0	0
16	0	0	20	0	0
16	0	0	20	0	0
16	0	0	20	0	0
16	0	0	20	0	0
16	0	0	20	0	0
16	0	0	20	0	0
16	0	0	20	0	0
16	0	0	20	0	0
16	0	0	20	0	0
16	0	0	20	0	0
16	0	0	20	0	0
16	0	0	20	0	0
16	0	0	20	0	0
16	0	0	20	0	0
16	0	0	20	0	0
16	0	0	20	0	0
16	0	0	20	0	0
16	0	0	20	0	0
16	0	0	20	0	0
16	0	0	20	0	0
16	0	0	20	0	0
16	0	0	20	0	0
16	0	0	20	0	0
16	0	0	20	0	0
16	0	0	20	0	0
16	0	0	20	0	0
16	0	0	20	0	0
16	0	0	20	0	0
16	0	0	20	0	0
16	0	0	20	0	0
16	0	0	20	0	0
16	0	0	20	0	0
16	0	0	20	0	0
16	0	0	20	0	0
16	0	0	20	0	0
16	0	0	20	0	0
16	0	0	20	0	0
16	0	0	20	0	0
16	0	0	20	0	0
16	0	0	20	0	0
16	0	0	20	0	0
16	0	0	20	0	0
16	0	0	20	0	0
16	0	0	20	0	0
16	0	0	20	0	0
16	0	0	20	0	0
16	0	0	20	0	0
16	0	0	20	0	0
16	0	0	20	0	0
16	0	0	20	0	0
16	0	0	20	0	0
16	0	0	20	0	0
16	0	0	20	0	0
16	0	0	20	0	0
16	0	0	20	0	0
16	0	0	20	0	0
16	0	0	20	0	0
16	0	0	20	0	0
16	0	0	20	0	0
16	0	0	20	0	0
16	0	0	20	0	0
16	0	0	20	0	0
16	0	0	20	0	0
16	0	0	20	0	0
16	0	0	20	0	0
16	0	0	20	0	0
16	0	0	20	0	0
16	0	0	20	0	0
16	0	0	20	0	0
16	0	0	20	0	0
16	0	0	20	0	0
16	0	0	20	0	0
16	0	0	20	0	0
16	0	0	20	0	0
16	0	0	20	0	0
16	0	0	20	0	0
16	0	0	20	0	0
16	0	0	20	0	0
30	0	0	20	0	0
30	0	0	20	0	0
30	0	0	20	0	0
30	0	0	20	0	0
30	0	0	20	0	0
30	0	0	20	0	0
30	0	0	32	0	0
30	0	0	32	0	0
30	0	0	32	0	0
30	0	0	32	0	0
30	0	0	32	0	0
30	0	0	32	0	0
30	0	0	32	0	0
30	0	0	32	0	0
30	0	0	32	0	0
30	0	0	32	0	0
30	0	0	32	0	0
30	0	0	32	0	0
30	0	0	32	0	0
30	0	0	32	0	0
30	0	0	32	0	0
46	0	0	32	0	0
46	0	0	32	0	0
46	0	0	32	0	0
46	0	0	32	0	0
46	0	0	32	0	0
46	0	0	32	0	0
46	0	0	32	0	0
54	0	0	32	0	0
54	0	0	32	0	0
54	0	0	32	0	0
54	0	0	32	0	0
54	0	0	32	0	0
54	0	0	32	0	0
54	0	0	32	0	0
54	0	0	32	0	0
54	0	0	32	0	0
54	0	0	32	0	0
54	0	0	32	0	0
54	0	0	32	0	0
54	0	0	32	0	0
54	0	0	32	0	0
54	0	0	32	0	0
54	0	0	32	0	0
54	0	0	32	0	0
54	0	0	32	0	0
54	0	0	32	0	0
54	0	0	32	0	0
54	0	0	32	0	0
54	0	0	32	0	0
54	0	0	32	0	0
54	0	0	32	0	0
54	0	0	32	0	0
54	0	0	32	0	0
54	0	0	32	0	0
54	0	0	32	0	0
54	0	0	32	0	0
54	0	0	32	0	0
54	0	0	32	0	0
54	0	0	32	0	0
54	0	0	32	0	0
54	0	0	32	0	0
54	0	0	32	0	0
54	0	0	32	0	0
54	0	0	32	0	0
54	0	0	32	0	0
54	0	0	32	0	0
54	0	0	32	0	0
54	0	0	32	0	0
54	0	0	32	0	0
54	0	0	32	0	0
54	0	0	32	0	0
54	0	0	32	0	0
54	0	0	32	0	0
54	0	0	32	0	0
54	0	0	32	0	0
54	0	0	32	0	0
54	0	0	32	0	0
54	0	0	32	0	0
54	0	0	32	0	0
54	0	0	32	0	0
54	0	0	32	0	0
54	0	0	32	0	0
54	0	0	32	0	0
54	0	0	32	0	0
54	0	0	32	0	0
54	0	0	32	0	0
54	0	0	32	0	0
54	0	0	32	0	0
54	0	0	32	0	0
54	0	0	32	0	0
54	0	0	32	0	0
54	0	0	32	0	0
54	0	0	32	0	0
54	0	0	32	0	0
54	0	0	32	0	0
54	0	0	32	0	0
54	0	0	32	0	0
54	0	0	32	0	0
54	0	0	32	0	0
54	0	0	32	0	0
54	0	0	32	0	0
54	0	0	32	0	0
54	0	0	32	0	0
54	0	0	32	0	0
54	0	0	32	0	0
54	0	0	32	0	0
54	0	0	32	0	0
54	0	0	32	0	0
54	0	0	32	0	0
54	0	0	32	0	0
54	0	0	32	0	0
54	0	0	38	0	0
54	0	0	38	0	0
54	0	0	38	0	0
54	0	0	38	0	0
54	0	0	38	0	0
54	0	0	38	0	0
54	0	0	38	0	0
54	0	0	38	0	0
54	0	0	38	0	0
54	0	0	38	0	0
54	0	0	38	0	0
54	0	0	38	0	0
54	0	0	38	0	0
54	0	0	38	0	0
54	0	0	38	0	0
54	0	0	38	0	0
54	0	0	38	0	0
54	0	0	38	0	0
54	0	0	38	0	0
54	0	0	38	0	0
54	0	0	38	0	0
54	0	0	38	0	0
54	0	0	38	0	0
54	0	0	38	0	0
54	0	0	38	0	0
54	0	0	38	0	0
54	0	0	38	0	0
54	0	0	38	0	0
54	0	0	38	0	0
54	0	0	38	0	0
54	0	0	38	0	0
54	0	0	38	0	0
54	0	0	38	0	0
54	0	0	38	0	0
54	0	0	38	0	0
54	0	0	38	0	0
54	0	0	38	0	0
54	0	0	38	0	0
54	0	0	38	0	0
54	0	0	38	0	0
54	0	0	38	0	0
54	0	0	38	0	0
54	0	0	38	0	0
54	0	0	38	0	0
54	0	0	38	0	0
54	0	0	38	0	0
54	0	0	38	0	0
54	0	0	38	0	0
54	0	0	38	0	0
46	0	0	38	0	0
46	0	0	38	0	0
46	0	0	38	0	0
46	0	0	38	0	0
46	0	0	38	0	0
46	0	0	38	0	0
46	0	0	38	0	0
46	0	0	38	0	0
46	0	0	38	0	0
46	0	0	38	0	0
46	0	0	38	0	0
46	0	0	38	0	0
46	0	0	38	0	0
46	0	0	38	0	0
46	0	0	38	0	0
46	0	0	38	0	0
46	0	0	38	0	0
46	0	0	38	0	0
46	0	0	38	0	0
46	0	0	38	0	0
46	0	0	38	0	0
46	0	0	38	0	0
46	0	0	38	0	0
46	0	0	38	0	0
46	0	0	38	0	0
46	0	0	38	0	0
46	0	0	38	0	0
46	0	0	38	0	0
46	0	0	38	0	0
46	0	0	38	0	0
46	0	0	38	0	0
46	0	0	38	0	0
46	0	0	38	0	0
46	0	0	38	0	0
46	0	0	38	0	0
46	0	0	38	0	0
46	0	0	38	0	0
46	0	0	38	0	0
46	0	0	38	0	0
46	0	0	38	0	0
46	0	0	38	0	0
46	0	0	38	0	0
46	0	0	38	0	0
46	0	0	38	0	0
46	0	0	38	0	0
46	0	0	38	0	0
46	0	0	38	0	0
46	0	0	38	0	0
46	0	0	38	0	0
46	0	0	38	0	0
46	0	0	38	0	0
46	0	0	38	0	0
46	0	0	38	0	0
46	0	0	38	0	0
46	0	0	38	0	0
46	0	0	38	0	0
46	0	0	38	0	0
46	0	0	38	0	0
46	0	0	38	0	0
46	0	0	38	0	0
46	0	0	38	0	0
46	0	0	38	0	0
46	0	0	38	0	0
46	0	0	38	0	0
46	0	0	38	0	0
46	0	0	38	0	0
46	0	0	38	0	0
46	0	0	38	0	0
46	0	0	38	0	0
46	0	0	38	0	0
46	0	0	38	0	0
46	0	0	38	0	0
46	0	0	38	0	0
46	0	0	38	0	0
46	0	0	38	0	0
46	0	0	38	0	0
46	0	0	38	0	0
46	0	0	38	0	0
46	0	0	38	0	0
46	0	0	38	0	0
46	0	0	38	0	0
46	0	0	38	0	0
46	0	0	38	0	0
46	0	0	38	0	0
46	0	0	38	0	0
46	0	0	38	0	0
46	0	0	38	0	0
46	0	0	38	0	0
46	0	0	38	0	0
46	0	0	38	0	0
46	0	0	38	0	0
46	0	0	38	0	0
46	0	0	38	0	0
46	0	0	38	0	0
46	0	0	38	0	0
46	0	0	38	0	0
46	0	0	38	0	0
46	0	0	38	0	0
46	0	0	38	0	0
46	0	0	38	0	0
46	0	0	38	0	0
46	0	0	38	0	0
46	0	0	38	0	0
46	0	0	38	0	0
46	0	0	38	0	0
46	0	0	38	0	0
46	0	0	38	0	0
46	0	0	38	0	0
46	0	0	38	0	0
46	0	0	38	0	0
46	0	0	38	0	0
46	0	0	38	0	0
46	0	0	38	0	0
46	0	0	38	0	0
46	0	0	38	0	0
46	0	0	38	0	0
46	0	0	38	0	0
46	0	0	38	0	0
46	0	0	38	0	0
46	0	0	38	0	0
46	0	0	38	0	0
46	0	0	38	0	0
46	0	0	38	0	0
46	0	0	38	0	0
46	0	0	38	0	0
46	0	0	38	0	0
46	0	0	38	0	0
46	0	0	38	0	0
46	0	0	38	0	0
46	0	0	38	0	0
46	0	0	38	0	0
46	0	0	38	0	0
46	0	0	38	0	0
46	0	0	38	0	0
46	0	0	38	0	0
46	0	0	38	0	0
46	0	0	38	0	0
46	0	0	38	0	0
46	0	0	38	0	0
46	0	0	38	0	0
46	0	0	38	0	0
46	0	0	38	0	0
46	0	0	38	0	0
46	0	0	38	0	0
46	0	0	38	0	0
46	0	0	38	0	0
46	0	0	38	0	0
46	0	0	38	0	0
46	0	0	38	0	0
46	0	0	38	0	0
46	0	0	38	0	0
46	0	0	38	0	0
46	0	0	38	0	0
46	0	0	38	0	0
46	0	0	38	0	0
46	0	0	38	0	0
46	0	0	38	0	0
46	0	0	38	0	0
46	0	0	38	0	0
46	0	0	38	0	0
46	0	0	38	0	0
46	0	0	38	0	0
46	0	0	38	0	0
46	0	0	38	0	0
46	0	0	38	0	0
46	0	0	38	0	0
46	0	0	38	0	0
46	0	0	38	0	0
46	0	0	38	0	0
46	0	0	38	0	0
46	0	0	38	0	0
46	0	0	38	0	0
46	0	0	38	0	0
46	0	0	38	0	0
46	0	0	38	0	0
46	0	0	38	0	0
46	0	0	38	0	0
46	0	0	38	0	0
46	0	0	38	0	0
46	0	0	38	0	0
46	0	0	38	0	0
46	0	0	38	0	0
46	0	0	38	0	0
46	0	0	38	0	0
46	0	0	38	0	0
46	0	0	38	0	0
46	0	0	38	0	0
46	0	0	38	0	0
46	0	0	38	0	0
46	0	0	38	0	0
46	0	0	38	0	0
46	0	0	38	0	0
46	0	0	38	0	0
46	0	0	38	0	0
46	0	0	38	0	0
46	0	0	38	0	0
46	0	0	38	0	0
46	0	0	38	0	0
46	0	0	38	0	0
46	0	0	38	0	0
46	0	0	38	0	0
46	0	0	38	0	0
46	0	0	38	0	0
46	0	0	38	0	0
46	0	0	38	0	0
46	0	0	38	0	0
46	0	0	38	0	0
46	0	0	38	0	0
46	0	0	38	0	0
46	0	0	38	0	0
46	0	0	38	0	0
46	0	0	38	0	0
46	0	0	38	0	0
46	0	0	38	0	0
46	0	0	38	0	0
46	0	0	38	0	0
46	0	0	38	0	0
46	0	0	38	0	0
46	0	0	38	0	0
46	0	0	38	0	0
46	0	0	38	0	0
46	0	0	38	0	0
46	0	0	38	0	0
46	0	0	38	0	0
46	0	0	38	0	0
46	0	0	38	0	0
46	0	0	38	0	0
46	0	0	38	0	0
46	0	0	38	0	0
46	0	0	38	0	0
46	0	0	38	0	0
46	0	0	38	0	0
46	0	0	38	0	0
46	0	0	38	0	0
46	0	0	38	0	0
46	0	0	38	0	0
46	0	0	38	0	0
46	0	0	38	0	0
46	0	0	38	0	0
46	0	0	38	0	0
46	0	0	38	0	0
46	0	0	38	0	0
46	0	0	38	0	0
46	0	0	38	0	0
46	0	0	38	0	0
46	0	0	38	0	0
46	0	0	38	0	0
46	0	0	38	0	0
46	0	0	38	0	0
46	0	0	38	0	0
46	0	0	38	0	0
46	0	0	38	0	0
46	0	0	38	0	0
46	0	0	38	0	0
46	0	0	38	0	0
46	0	0	38	0	0
46	0	0	38	0	0
46	0	0	38	0	0
46	0	0	38	0	0
46	0	0	38	0	0
46	0	0	38	0	0
46	0	0	38	0	0
46	0	0	38	0	0
46	0	0	38	0	0
46	0	0	38	0	0
46	0	0	38	0	0
46	0	0	38	0	0
46	0	0	38	0	0
46	0	0	38	0	0
46	0	0	38	0	0
46	0	0	38	0	0
46	0	0	38	0	0
46	0	0	38	0	0
46	0	0	38	0	0
46	0	0	38	0	0
46	0	0	38	0	0
46	0	0	38	0	0
46	0	0	38	0	0
46	0	0	38	0	0
46	0	0	38	0	0
46	0	0	38	0	0
46	0	0	38	0	0
46	0	0	38	0	0
46	0	0	38	0	0
46	0	0	38	0	0
46	0	0	38	0	0
46	0	0	38	0	0
46	0	0	38	0	0
46	0	0	38	0	0
46	0	0	38	0	0
46	0	0	38	0	0
46	0	0	38	0	0
46	0	0	38	0	0
46	0	0	38	0	0
46	0	0	38	0	0
46	0	0	38	0	0
46	0	0	38	0	0
46	0	0	38	0	0
46	0	0	38	0	0
46	0	0	38	0	0
46	0	0	38	0	0
46	0	0	38	0	0
46	0	0	38	0	0
46	0	0	38	0	0
46	0	0	38	0	0
46	0	0	38	0	0
46	0	0	38	0	0
46	0	0	38	0	0
46	0	0	38	0	0
46	0	0	38	0	0
46	0	0	38	0	0
46	0	0	38	0	0
46	0	0	38	0	0
46	0	0	38	0	0
46	0	0	38	0	0
46	0	0	38	0	0
46	0	0	38	0	0
46	0	0	38	0	0
46	0	0	38	0	0
46	0	0	38	0	0
46	0	0	38	0	0
46	0	0	38	0	0
46	0	0	38	0	0
46	0	0	38	0	0
46	0	0	38	0	0
46	0	0	38	0	0
46	0	0	38	0	0
46	0	0	38	0	0
46	0	0	38	0	0
46	0	0	38	0	0
46	0	0	38	0	0
46	0	0	38	0	0
46	0	0	38	0	0
46	0	0	38	0	0
46	0	0	38	0	0
46	0	0	38	0	0
46	0	0	38	0	0
46	0	0	38	0	0
46	0	0	38	0	0
46	0	0	38	0	0
0	0	0	0	0	0
0	0	0	0	0	0
0	0	0	0	0	0
0	0	0	0	0	0
0	0	0	0	0	0
0	0	0	0	0	0
0	0	0	0	0	0
0	0	0	0	0	0
0	0	0	0	0	0
0	0	0	0	0	0
